Project Name,Package Name,Type Name,NOF,NOPF,NOM,NOPM,LOC,WMC,NC,DIT,LCOM,FANIN,FANOUT 
opennlp,opennlp.tools.chunker,Chunker,0,0,4,0,34,4,1,0,-1.0,4,0
opennlp,opennlp.tools.chunker,ChunkerContextGenerator,0,0,1,0,14,1,1,0,-1.0,4,0
opennlp,opennlp.tools.chunker,ChunkerCrossValidator,5,0,3,3,42,4,0,0,0.0,1,9
opennlp,opennlp.tools.chunker,ChunkerEvaluationMonitor,0,0,0,0,5,0,0,0,-1.0,2,0
opennlp,opennlp.tools.chunker,ChunkerEvaluator,2,0,3,2,36,3,0,0,0.0,2,4
opennlp,opennlp.tools.chunker,ChunkerEventStream,1,0,2,1,30,4,0,0,0.0,0,3
opennlp,opennlp.tools.chunker,ChunkerFactory,0,0,5,5,33,6,0,0,-1.0,6,2
opennlp,opennlp.tools.chunker,ChunkerME,5,1,10,9,111,14,0,1,0.2,8,17
opennlp,opennlp.tools.chunker,ChunkerModel,3,0,13,11,136,19,0,0,0.46153846153846156,9,5
opennlp,opennlp.tools.chunker,ChunkSample,4,0,12,11,138,29,0,0,0.0,9,2
opennlp,opennlp.tools.chunker,ChunkSampleSequenceStream,2,0,5,5,39,7,0,0,0.4,1,6
opennlp,opennlp.tools.chunker,ChunkSampleStream,1,0,2,2,33,5,0,0,1.0,0,1
opennlp,opennlp.tools.chunker,DefaultChunkerContextGenerator,0,0,4,4,62,8,0,1,-1.0,0,0
opennlp,opennlp.tools.chunker,DefaultChunkerSequenceValidator,0,0,3,1,29,7,0,0,-1.0,0,0
opennlp,opennlp.tools.cmdline,AbstractConverterTool,1,0,6,4,82,18,0,2,0.5,0,4
opennlp,opennlp.tools.cmdline,AbstractCrossValidatorTool,0,0,1,0,13,1,0,5,-1.0,0,0
opennlp,opennlp.tools.cmdline,AbstractEvaluatorTool,3,0,2,1,24,2,1,3,0.0,0,3
opennlp,opennlp.tools.cmdline,AbstractTrainerTool,1,0,2,0,20,3,1,4,1.0,0,1
opennlp,opennlp.tools.cmdline,AbstractTypedParamTool,1,0,2,1,30,4,1,2,0.0,0,4
opennlp,opennlp.tools.cmdline,ArgumentParser,3,0,21,15,312,63,0,0,0.6190476190476191,56,3
opennlp,opennlp.tools.cmdline,ArgumentFactory,1,0,1,0,4,1,5,0,-1.0,1,0
opennlp,opennlp.tools.cmdline,IntegerArgumentFactory,0,0,1,1,12,1,0,1,-1.0,0,0
opennlp,opennlp.tools.cmdline,BooleanArgumentFactory,0,0,1,1,5,1,0,1,-1.0,0,0
opennlp,opennlp.tools.cmdline,StringArgumentFactory,0,0,1,1,5,1,0,1,-1.0,0,0
opennlp,opennlp.tools.cmdline,FileArgumentFactory,0,0,1,1,5,1,0,1,-1.0,0,0
opennlp,opennlp.tools.cmdline,CharsetArgumentFactory,0,0,1,1,18,3,0,1,-1.0,0,0
opennlp,opennlp.tools.cmdline,BasicCmdLineTool,0,0,1,1,10,1,0,1,-1.0,0,0
opennlp,opennlp.tools.cmdline,CLI,3,1,4,3,147,16,0,0,0.0,20,4
opennlp,opennlp.tools.cmdline,CmdLineTool,0,0,8,4,47,10,2,0,-1.0,2,2
opennlp,opennlp.tools.cmdline,CmdLineUtil,2,0,16,15,205,39,0,0,0.625,72,4
opennlp,opennlp.tools.cmdline,DetailedFMeasureListener,9,0,21,15,161,35,0,0,0.3333333333333333,0,2
opennlp,opennlp.tools.cmdline,F1Comparator,0,0,1,1,16,6,0,0,-1.0,0,0
opennlp,opennlp.tools.cmdline,Stats,3,0,9,9,56,10,0,0,0.0,2,0
opennlp,opennlp.tools.cmdline,EvaluationErrorPrinter,1,0,15,2,141,27,0,0,0.26666666666666666,0,1
opennlp,opennlp.tools.cmdline,FineGrainedReportListener,27,0,81,20,758,166,0,0,0.06172839506172839,1,5
opennlp,opennlp.tools.cmdline,MatrixLabelComparator,1,0,2,2,33,7,0,0,0.0,0,1
opennlp,opennlp.tools.cmdline,GroupedMatrixLabelComparator,2,0,2,2,74,16,0,0,0.0,0,1
opennlp,opennlp.tools.cmdline,SimpleLabelComparator,1,0,2,2,18,6,0,0,0.0,0,0
opennlp,opennlp.tools.cmdline,GroupedLabelComparator,2,0,2,2,74,16,0,0,0.0,0,1
opennlp,opennlp.tools.cmdline,ConfusionMatrixLine,5,0,4,2,48,9,0,0,0.0,3,1
opennlp,opennlp.tools.cmdline,Counter,1,0,2,1,12,2,0,0,0.0,3,0
opennlp,opennlp.tools.cmdline,Stats,12,0,29,4,206,48,0,0,0.2413793103448276,0,1
opennlp,opennlp.tools.cmdline,GenerateManualTool,2,0,12,1,157,29,0,0,0.0,1,7
opennlp,opennlp.tools.cmdline,ModelLoader,2,0,3,1,30,3,0,0,0.0,0,1
opennlp,opennlp.tools.cmdline,ObjectStreamFactory,0,0,2,0,12,2,0,0,-1.0,7,0
opennlp,opennlp.tools.cmdline,PerformanceMonitor,9,0,9,9,89,19,0,0,0.0,16,0
opennlp,opennlp.tools.cmdline,StreamFactoryRegistry,2,1,5,4,131,10,0,0,0.4,54,1
opennlp,opennlp.tools.cmdline,SystemInputStreamFactory,1,0,2,2,15,3,0,0,1.0,12,0
opennlp,opennlp.tools.cmdline,TerminateToolException,3,0,5,5,26,5,0,0,0.0,0,0
opennlp,opennlp.tools.cmdline,TypedCmdLineTool,1,0,8,3,83,14,2,1,0.375,1,4
opennlp,opennlp.tools.cmdline.chunker,ChunkerConverterTool,0,0,1,1,10,1,0,0,-1.0,0,0
opennlp,opennlp.tools.cmdline.chunker,ChunkerCrossValidatorTool,1,0,3,3,40,5,0,0,1.0,0,5
opennlp,opennlp.tools.cmdline.chunker,CVToolParams,0,0,0,0,2,0,0,1,-1.0,0,0
opennlp,opennlp.tools.cmdline.chunker,ChunkerDetailedFMeasureListener,0,0,1,0,5,1,0,0,-1.0,0,1
opennlp,opennlp.tools.cmdline.chunker,ChunkerEvaluatorTool,1,0,6,6,47,7,0,0,1.0,0,3
opennlp,opennlp.tools.cmdline.chunker,EvalToolParams,0,0,0,0,2,0,0,0,-1.0,0,0
opennlp,opennlp.tools.cmdline.chunker,ChunkerMETool,1,0,3,3,41,5,0,0,0.6666666666666666,0,7
opennlp,opennlp.tools.cmdline.chunker,ChunkerModelLoader,0,0,2,1,11,2,0,0,-1.0,0,0
opennlp,opennlp.tools.cmdline.chunker,ChunkerTrainerTool,0,0,4,4,38,5,0,0,-1.0,0,5
opennlp,opennlp.tools.cmdline.chunker,TrainerToolParams,0,0,0,0,2,0,0,1,-1.0,0,0
opennlp,opennlp.tools.cmdline.chunker,ChunkEvaluationErrorListener,1,0,3,3,21,3,0,0,1.0,0,1
opennlp,opennlp.tools.cmdline.chunker,TrainingParams,0,0,1,0,6,1,2,0,-1.0,0,0
opennlp,opennlp.tools.cmdline.dictionary,DictionaryBuilderParams,0,0,2,0,7,2,1,0,-1.0,0,0
opennlp,opennlp.tools.cmdline.dictionary,DictionaryBuilderTool,0,0,3,3,25,3,0,0,-1.0,0,3
opennlp,opennlp.tools.cmdline.dictionary,Params,0,0,0,0,2,0,0,1,-1.0,1,0
opennlp,opennlp.tools.cmdline.doccat,DoccatConverterTool,0,0,1,1,10,1,0,0,-1.0,0,0
opennlp,opennlp.tools.cmdline.doccat,DoccatCrossValidatorTool,1,0,3,3,65,7,0,0,1.0,0,8
opennlp,opennlp.tools.cmdline.doccat,CVToolParams,0,0,0,0,2,0,0,1,-1.0,0,0
opennlp,opennlp.tools.cmdline.doccat,DoccatEvaluationErrorListener,1,0,3,3,21,3,0,0,1.0,0,1
opennlp,opennlp.tools.cmdline.doccat,DoccatEvaluatorTool,1,0,6,6,70,9,0,0,1.0,0,5
opennlp,opennlp.tools.cmdline.doccat,EvalToolParams,0,0,0,0,2,0,0,0,-1.0,0,0
opennlp,opennlp.tools.cmdline.doccat,DoccatFineGrainedReportListener,1,0,6,5,32,6,0,0,0.6666666666666666,2,1
opennlp,opennlp.tools.cmdline.doccat,DoccatModelLoader,0,0,2,1,11,2,0,0,-1.0,0,0
opennlp,opennlp.tools.cmdline.doccat,DoccatTool,1,0,3,3,37,5,0,0,0.6666666666666666,0,9
opennlp,opennlp.tools.cmdline.doccat,DoccatTrainerTool,0,0,4,3,47,7,0,0,-1.0,2,8
opennlp,opennlp.tools.cmdline.doccat,TrainerToolParams,0,0,0,0,2,0,0,1,-1.0,0,0
opennlp,opennlp.tools.cmdline.doccat,TrainingParams,0,0,2,0,7,2,2,0,-1.0,0,0
opennlp,opennlp.tools.cmdline.entitylinker,EntityLinkerTool,1,0,3,3,73,9,0,0,0.6666666666666666,0,9
opennlp,opennlp.tools.cmdline.langdetect,LanguageDetectorConverterTool,0,0,1,1,10,1,0,0,-1.0,0,0
opennlp,opennlp.tools.cmdline.langdetect,LanguageDetectorCrossValidatorTool,1,0,3,3,64,7,0,0,1.0,1,7
opennlp,opennlp.tools.cmdline.langdetect,CVToolParams,0,0,0,0,2,0,0,1,-1.0,0,0
opennlp,opennlp.tools.cmdline.langdetect,LanguageDetectorEvaluationErrorListener,1,0,4,3,25,4,0,0,0.75,0,0
opennlp,opennlp.tools.cmdline.langdetect,LanguageDetectorEvaluatorTool,1,0,6,6,70,9,0,0,1.0,1,6
opennlp,opennlp.tools.cmdline.langdetect,EvalToolParams,0,0,0,0,2,0,0,0,-1.0,0,0
opennlp,opennlp.tools.cmdline.langdetect,LanguageDetectorFineGrainedReportListener,0,0,6,5,31,6,0,0,-1.0,2,0
opennlp,opennlp.tools.cmdline.langdetect,LanguageDetectorModelLoader,0,0,2,1,11,2,0,0,-1.0,0,0
opennlp,opennlp.tools.cmdline.langdetect,LanguageDetectorTool,1,0,3,3,35,5,0,0,0.6666666666666666,0,8
opennlp,opennlp.tools.cmdline.langdetect,LanguageDetectorTrainerTool,0,0,5,3,37,6,0,0,-1.0,1,6
opennlp,opennlp.tools.cmdline.langdetect,TrainerToolParams,0,0,2,0,4,2,0,1,-1.0,0,0
opennlp,opennlp.tools.cmdline.langdetect,TrainingParams,0,0,2,0,7,2,2,0,-1.0,0,0
opennlp,opennlp.tools.cmdline.languagemodel,NGramLanguageModelTool,1,0,3,3,46,4,0,0,1.0,0,5
opennlp,opennlp.tools.cmdline.lemmatizer,LemmaEvaluationErrorListener,1,0,3,3,21,3,0,0,1.0,0,1
opennlp,opennlp.tools.cmdline.lemmatizer,LemmatizerEvaluatorTool,1,0,3,3,63,6,0,0,1.0,1,6
opennlp,opennlp.tools.cmdline.lemmatizer,EvalToolParams,0,0,0,0,2,0,0,0,-1.0,0,0
opennlp,opennlp.tools.cmdline.lemmatizer,LemmatizerFineGrainedReportListener,1,0,6,5,35,6,0,0,0.6666666666666666,1,1
opennlp,opennlp.tools.cmdline.lemmatizer,LemmatizerMETool,1,0,3,3,41,5,0,0,0.6666666666666666,0,7
opennlp,opennlp.tools.cmdline.lemmatizer,LemmatizerModelLoader,0,0,2,1,11,2,0,0,-1.0,0,0
opennlp,opennlp.tools.cmdline.lemmatizer,LemmatizerTrainerTool,0,0,4,4,38,5,0,0,-1.0,0,5
opennlp,opennlp.tools.cmdline.lemmatizer,TrainerToolParams,0,0,0,0,2,0,0,1,-1.0,0,0
opennlp,opennlp.tools.cmdline.lemmatizer,TrainingParams,0,0,1,0,6,1,1,0,-1.0,0,0
opennlp,opennlp.tools.cmdline.namefind,CensusDictionaryCreatorTool,1,0,8,4,62,10,0,0,0.875,1,7
opennlp,opennlp.tools.cmdline.namefind,Parameters,0,0,4,0,9,4,0,0,-1.0,1,0
opennlp,opennlp.tools.cmdline.namefind,NameEvaluationErrorListener,1,0,3,3,21,3,0,0,1.0,0,1
opennlp,opennlp.tools.cmdline.namefind,NameSampleCountersStream,4,0,7,6,53,11,0,0,0.2857142857142857,1,2
opennlp,opennlp.tools.cmdline.namefind,TokenNameFinderConverterTool,0,0,1,1,10,1,0,0,-1.0,0,0
opennlp,opennlp.tools.cmdline.namefind,TokenNameFinderCrossValidatorTool,1,0,3,3,89,10,0,0,1.0,0,8
opennlp,opennlp.tools.cmdline.namefind,CVToolParams,0,0,0,0,2,0,0,1,-1.0,0,0
opennlp,opennlp.tools.cmdline.namefind,TokenNameFinderDetailedFMeasureListener,0,0,1,0,5,1,0,0,-1.0,0,1
opennlp,opennlp.tools.cmdline.namefind,TokenNameFinderEvaluatorTool,1,0,7,6,69,11,0,0,1.0,0,5
opennlp,opennlp.tools.cmdline.namefind,EvalToolParams,0,0,1,0,3,1,0,0,-1.0,0,0
opennlp,opennlp.tools.cmdline.namefind,TokenNameFinderFineGrainedReportListener,2,0,8,7,42,8,0,0,0.625,2,2
opennlp,opennlp.tools.cmdline.namefind,TokenNameFinderModelLoader,0,0,2,1,11,2,0,0,-1.0,0,0
opennlp,opennlp.tools.cmdline.namefind,TokenNameFinderTool,1,0,3,3,46,9,0,0,0.6666666666666666,0,9
opennlp,opennlp.tools.cmdline.namefind,TokenNameFinderTrainerTool,0,0,6,5,112,15,0,0,-1.0,4,11
opennlp,opennlp.tools.cmdline.namefind,TrainerToolParams,0,0,0,0,2,0,0,1,-1.0,0,0
opennlp,opennlp.tools.cmdline.namefind,TrainingParams,0,0,6,0,11,6,2,0,-1.0,0,0
opennlp,opennlp.tools.cmdline.params,BasicFormatParams,0,0,1,0,6,1,0,1,-1.0,0,0
opennlp,opennlp.tools.cmdline.params,BasicTrainingParams,0,0,1,0,6,1,1,1,-1.0,0,0
opennlp,opennlp.tools.cmdline.params,CVParams,0,0,2,0,7,2,0,0,-1.0,0,0
opennlp,opennlp.tools.cmdline.params,DetokenizerParameter,0,0,1,0,3,1,0,0,-1.0,1,0
opennlp,opennlp.tools.cmdline.params,EncodingParameter,0,0,1,0,6,1,1,0,-1.0,0,0
opennlp,opennlp.tools.cmdline.params,EvaluatorParams,0,0,2,0,7,2,0,0,-1.0,0,0
opennlp,opennlp.tools.cmdline.params,FineGrainedEvaluatorParams,0,0,1,0,6,1,0,0,-1.0,0,0
opennlp,opennlp.tools.cmdline.params,LanguageParams,0,0,1,0,3,1,1,0,-1.0,0,0
opennlp,opennlp.tools.cmdline.params,TrainingToolParams,0,0,1,0,6,1,0,2,-1.0,0,0
opennlp,opennlp.tools.cmdline.parser,BuildModelUpdaterTool,1,0,2,1,16,2,0,1,1.0,0,9
opennlp,opennlp.tools.cmdline.parser,CheckModelUpdaterTool,1,0,2,1,19,2,0,1,1.0,0,9
opennlp,opennlp.tools.cmdline.parser,ModelUpdaterTool,0,0,3,1,27,3,2,0,-1.0,1,7
opennlp,opennlp.tools.cmdline.parser,ModelUpdaterParams,0,0,0,0,2,0,0,0,-1.0,3,0
opennlp,opennlp.tools.cmdline.parser,ParserConverterTool,0,0,1,1,10,1,0,0,-1.0,0,0
opennlp,opennlp.tools.cmdline.parser,ParserEvaluatorTool,1,0,3,3,36,3,0,0,1.0,0,4
opennlp,opennlp.tools.cmdline.parser,ParserModelLoader,0,0,2,1,11,2,0,0,-1.0,0,0
opennlp,opennlp.tools.cmdline.parser,ParserTool,3,0,5,5,93,16,0,0,0.4,2,13
opennlp,opennlp.tools.cmdline.parser,ParserTrainerTool,1,0,6,3,112,22,0,0,0.6666666666666666,3,15
opennlp,opennlp.tools.cmdline.parser,TrainerToolParams,0,0,0,0,2,0,0,1,-1.0,1,0
opennlp,opennlp.tools.cmdline.parser,TaggerModelReplacerTool,1,0,3,3,22,4,0,0,0.6666666666666666,0,4
opennlp,opennlp.tools.cmdline.parser,TrainingParams,0,0,4,0,9,4,1,0,-1.0,0,0
opennlp,opennlp.tools.cmdline.postag,POSEvaluationErrorListener,1,0,3,3,21,3,0,0,1.0,0,1
opennlp,opennlp.tools.cmdline.postag,POSModelLoader,0,0,2,1,11,2,0,0,-1.0,0,0
opennlp,opennlp.tools.cmdline.postag,POSTaggerConverterTool,0,0,1,1,10,1,0,0,-1.0,0,0
opennlp,opennlp.tools.cmdline.postag,POSTaggerCrossValidatorTool,1,0,3,3,69,7,0,0,1.0,0,6
opennlp,opennlp.tools.cmdline.postag,CVToolParams,0,0,0,0,2,0,0,1,-1.0,0,0
opennlp,opennlp.tools.cmdline.postag,POSTaggerEvaluatorTool,1,0,3,3,63,6,0,0,1.0,0,5
opennlp,opennlp.tools.cmdline.postag,EvalToolParams,0,0,0,0,2,0,0,0,-1.0,0,0
opennlp,opennlp.tools.cmdline.postag,POSTaggerFineGrainedReportListener,1,0,6,5,35,6,0,0,0.6666666666666666,2,1
opennlp,opennlp.tools.cmdline.postag,POSTaggerTool,1,0,3,3,35,5,0,0,0.6666666666666666,0,8
opennlp,opennlp.tools.cmdline.postag,POSTaggerTrainerTool,0,0,3,3,79,9,0,0,-1.0,0,8
opennlp,opennlp.tools.cmdline.postag,TrainerToolParams,0,0,0,0,2,0,0,1,-1.0,0,0
opennlp,opennlp.tools.cmdline.postag,TrainingParams,0,0,5,0,10,5,2,0,-1.0,0,0
opennlp,opennlp.tools.cmdline.sentdetect,SentenceDetectorConverterTool,0,0,1,1,10,1,0,0,-1.0,0,0
opennlp,opennlp.tools.cmdline.sentdetect,SentenceDetectorCrossValidatorTool,1,0,3,3,46,6,0,0,1.0,0,9
opennlp,opennlp.tools.cmdline.sentdetect,CVToolParams,0,0,0,0,2,0,0,1,-1.0,0,0
opennlp,opennlp.tools.cmdline.sentdetect,SentenceDetectorEvaluatorTool,1,0,3,3,41,4,0,0,1.0,0,3
opennlp,opennlp.tools.cmdline.sentdetect,EvalToolParams,0,0,0,0,2,0,0,0,-1.0,0,0
opennlp,opennlp.tools.cmdline.sentdetect,SentenceDetectorTool,1,0,3,3,40,6,0,0,0.6666666666666666,0,6
opennlp,opennlp.tools.cmdline.sentdetect,SentenceDetectorTrainerTool,0,0,4,3,54,9,0,0,-1.0,2,9
opennlp,opennlp.tools.cmdline.sentdetect,TrainerToolParams,0,0,0,0,2,0,0,1,-1.0,0,0
opennlp,opennlp.tools.cmdline.sentdetect,SentenceEvaluationErrorListener,1,0,3,3,21,3,0,0,1.0,0,1
opennlp,opennlp.tools.cmdline.sentdetect,SentenceModelLoader,0,0,2,1,11,2,0,0,-1.0,0,0
opennlp,opennlp.tools.cmdline.sentdetect,TrainingParams,0,0,3,0,8,3,2,0,-1.0,0,0
opennlp,opennlp.tools.cmdline.tokenizer,CommandLineTokenizer,2,0,2,0,27,3,0,0,0.0,2,5
opennlp,opennlp.tools.cmdline.tokenizer,DetokenEvaluationErrorListener,1,0,3,3,21,3,0,0,1.0,1,1
opennlp,opennlp.tools.cmdline.tokenizer,DetokenizationDictionaryLoader,0,0,2,0,8,2,0,0,-1.0,0,0
opennlp,opennlp.tools.cmdline.tokenizer,DictionaryDetokenizerTool,1,0,3,3,33,5,0,0,0.6666666666666666,0,6
opennlp,opennlp.tools.cmdline.tokenizer,SimpleTokenizerTool,1,0,4,4,21,5,0,0,0.75,0,3
opennlp,opennlp.tools.cmdline.tokenizer,TokenEvaluationErrorListener,1,0,3,3,21,3,0,0,1.0,0,1
opennlp,opennlp.tools.cmdline.tokenizer,TokenizerConverterTool,0,0,1,1,10,1,0,0,-1.0,0,0
opennlp,opennlp.tools.cmdline.tokenizer,TokenizerCrossValidatorTool,1,0,3,3,41,5,0,0,1.0,0,8
opennlp,opennlp.tools.cmdline.tokenizer,CVToolParams,0,0,0,0,2,0,0,1,-1.0,0,0
opennlp,opennlp.tools.cmdline.tokenizer,TokenizerMEEvaluatorTool,1,0,3,3,41,4,0,0,1.0,0,3
opennlp,opennlp.tools.cmdline.tokenizer,EvalToolParams,0,0,0,0,2,0,0,0,-1.0,0,0
opennlp,opennlp.tools.cmdline.tokenizer,TokenizerMETool,1,0,3,3,19,4,0,0,0.6666666666666666,0,3
opennlp,opennlp.tools.cmdline.tokenizer,TokenizerModelLoader,0,0,2,1,11,2,0,0,-1.0,0,0
opennlp,opennlp.tools.cmdline.tokenizer,TokenizerTrainerTool,0,0,4,3,53,10,0,0,-1.0,2,9
opennlp,opennlp.tools.cmdline.tokenizer,TrainerToolParams,0,0,0,0,2,0,0,1,-1.0,0,0
opennlp,opennlp.tools.cmdline.tokenizer,TrainingParams,0,0,5,0,10,5,2,0,-1.0,0,0
opennlp,opennlp.tools.commons,Sample,0,0,0,0,5,0,0,0,-1.0,0,0
opennlp,opennlp.tools.commons,Trainer,0,0,1,0,11,1,0,0,-1.0,1,1
opennlp,opennlp.tools.dictionary,Dictionary,6,0,36,34,250,58,0,0,0.2777777777777778,27,4
opennlp,opennlp.tools.dictionary,StringListWrapper,1,0,5,3,33,8,0,0,0.0,0,2
opennlp,opennlp.tools.dictionary,Index,1,0,2,2,26,4,0,0,0.0,0,1
opennlp,opennlp.tools.dictionary.serializer,Attributes,1,0,3,3,31,3,0,0,0.0,2,0
opennlp,opennlp.tools.dictionary.serializer,DictionaryEntryPersistor,12,0,15,13,187,27,0,0,0.6,5,5
opennlp,opennlp.tools.dictionary.serializer,DictionaryContenthandler,6,0,12,11,100,21,0,0,0.75,1,2
opennlp,opennlp.tools.dictionary.serializer,EntryInserter,0,0,1,0,7,1,0,0,-1.0,2,0
opennlp,opennlp.tools.doccat,BagOfWordsFeatureGenerator,1,0,3,2,33,6,0,1,0.6666666666666666,0,1
opennlp,opennlp.tools.doccat,DoccatCrossValidator,5,0,4,4,51,5,0,0,0.0,1,9
opennlp,opennlp.tools.doccat,DoccatEvaluationMonitor,0,0,0,0,5,0,0,0,-1.0,3,0
opennlp,opennlp.tools.doccat,DoccatFactory,2,0,10,7,95,19,0,0,0.3,6,3
opennlp,opennlp.tools.doccat,DoccatModel,2,0,9,7,72,10,0,0,0.4444444444444444,5,2
opennlp,opennlp.tools.doccat,DocumentCategorizer,0,0,9,0,59,9,1,0,-1.0,1,0
opennlp,opennlp.tools.doccat,DocumentCategorizerContextGenerator,1,0,2,1,22,3,0,0,0.0,2,1
opennlp,opennlp.tools.doccat,DocumentCategorizerEvaluator,2,0,5,5,52,6,0,0,0.0,2,4
opennlp,opennlp.tools.doccat,DocumentCategorizerEventStream,2,0,6,5,39,6,0,0,0.3333333333333333,0,4
opennlp,opennlp.tools.doccat,DocumentCategorizerME,2,0,11,11,85,14,0,1,0.18181818181818182,3,8
opennlp,opennlp.tools.doccat,DocumentSample,4,0,8,8,75,13,0,0,0.0,8,0
opennlp,opennlp.tools.doccat,DocumentSampleStream,0,0,2,2,31,4,0,0,-1.0,0,3
opennlp,opennlp.tools.doccat,FeatureGenerator,0,0,1,0,12,1,2,0,-1.0,5,0
opennlp,opennlp.tools.doccat,NGramFeatureGenerator,2,0,3,3,52,8,0,1,0.6666666666666666,0,0
opennlp,opennlp.tools.entitylinker,BaseLink,5,0,14,14,75,16,0,0,0.0,0,0
opennlp,opennlp.tools.entitylinker,EntityLinker,0,0,3,0,31,3,0,0,-1.0,2,2
opennlp,opennlp.tools.entitylinker,EntityLinkerFactory,0,0,2,2,42,5,0,0,-1.0,1,3
opennlp,opennlp.tools.entitylinker,EntityLinkerProperties,1,0,4,3,44,5,0,0,0.0,3,0
opennlp,opennlp.tools.entitylinker,LinkedSpan,3,0,13,13,106,15,0,0,0.0,0,1
opennlp,opennlp.tools.formats,AbstractSampleStreamFactory,1,0,4,2,17,4,13,0,0.75,0,0
opennlp,opennlp.tools.formats,BioNLP2004NameSampleStream,7,5,4,4,93,22,0,0,0.0,1,3
opennlp,opennlp.tools.formats,BioNLP2004NameSampleStreamFactory,0,0,4,2,39,9,0,1,-1.0,0,6
opennlp,opennlp.tools.formats,Parameters,0,0,1,0,3,1,0,0,-1.0,17,0
opennlp,opennlp.tools.formats,ChunkerSampleStreamFactory,0,0,3,2,26,3,0,1,-1.0,0,7
opennlp,opennlp.tools.formats,Parameters,0,0,0,0,2,0,0,0,-1.0,0,0
opennlp,opennlp.tools.formats,Conll02NameSampleStream,8,5,6,5,124,27,0,0,0.0,4,4
opennlp,opennlp.tools.formats,Conll02NameSampleStreamFactory,0,0,5,2,50,11,0,2,-1.0,0,6
opennlp,opennlp.tools.formats,Parameters,0,0,2,0,4,2,0,0,-1.0,0,0
opennlp,opennlp.tools.formats,Conll03NameSampleStream,3,0,5,5,113,25,0,0,0.0,0,4
opennlp,opennlp.tools.formats,Conll03NameSampleStreamFactory,0,0,5,2,49,11,0,2,-1.0,0,6
opennlp,opennlp.tools.formats,Parameters,0,0,2,0,4,2,0,0,-1.0,0,0
opennlp,opennlp.tools.formats,ConllXPOSSampleStream,0,0,3,3,45,7,0,0,-1.0,0,3
opennlp,opennlp.tools.formats,ConllXPOSSampleStreamFactory,1,1,3,2,29,3,2,1,1.0,4,6
opennlp,opennlp.tools.formats,Parameters,0,0,0,0,2,0,0,0,-1.0,0,0
opennlp,opennlp.tools.formats,ConllXSentenceSampleStreamFactory,0,0,3,2,18,3,0,2,-1.0,0,7
opennlp,opennlp.tools.formats,Parameters,0,0,0,0,2,0,0,2,-1.0,0,1
opennlp,opennlp.tools.formats,ConllXTokenSampleStreamFactory,0,0,3,2,18,3,0,2,-1.0,0,7
opennlp,opennlp.tools.formats,Parameters,0,0,0,0,2,0,0,2,-1.0,0,1
opennlp,opennlp.tools.formats,DetokenizerSampleStreamFactory,0,0,2,0,16,2,2,1,-1.0,0,1
opennlp,opennlp.tools.formats,DirectorySampleStream,5,0,5,5,77,13,0,0,0.4,0,0
opennlp,opennlp.tools.formats,DocumentSampleStreamFactory,0,0,3,2,26,3,0,1,-1.0,0,7
opennlp,opennlp.tools.formats,Parameters,0,0,0,0,2,0,0,0,-1.0,0,0
opennlp,opennlp.tools.formats,EvalitaNameSampleStream,8,5,6,5,113,28,0,0,0.0,2,4
opennlp,opennlp.tools.formats,EvalitaNameSampleStreamFactory,0,0,5,2,47,10,0,2,-1.0,0,6
opennlp,opennlp.tools.formats,Parameters,0,0,2,0,4,2,0,0,-1.0,0,0
opennlp,opennlp.tools.formats,LanguageDetectorSampleStreamFactory,0,0,3,2,26,3,0,1,-1.0,0,6
opennlp,opennlp.tools.formats,Parameters,0,0,0,0,2,0,0,0,-1.0,0,0
opennlp,opennlp.tools.formats,LanguageSampleStreamFactory,1,0,2,1,12,2,4,1,1.0,0,0
opennlp,opennlp.tools.formats,LemmatizerSampleStreamFactory,0,0,3,2,26,3,0,1,-1.0,0,7
opennlp,opennlp.tools.formats,Parameters,0,0,0,0,2,0,0,0,-1.0,0,0
opennlp,opennlp.tools.formats,NameFinderCensus90NameStream,3,0,5,5,53,8,0,0,0.0,0,4
opennlp,opennlp.tools.formats,NameSampleDataStreamFactory,0,0,3,2,26,3,0,1,-1.0,4,7
opennlp,opennlp.tools.formats,Parameters,0,0,0,0,2,0,0,0,-1.0,0,0
opennlp,opennlp.tools.formats,ParseSampleStreamFactory,0,0,3,2,26,3,0,1,-1.0,5,7
opennlp,opennlp.tools.formats,Parameters,0,0,0,0,2,0,0,0,-1.0,0,0
opennlp,opennlp.tools.formats,SentenceSampleStreamFactory,0,0,3,2,26,3,0,1,-1.0,0,7
opennlp,opennlp.tools.formats,Parameters,0,0,0,0,2,0,0,0,-1.0,0,0
opennlp,opennlp.tools.formats,TokenSampleStreamFactory,0,0,3,2,26,3,0,2,-1.0,0,7
opennlp,opennlp.tools.formats,Parameters,0,0,0,0,2,0,0,0,-1.0,0,0
opennlp,opennlp.tools.formats,TwentyNewsgroupSampleStream,3,0,4,3,27,7,0,0,0.5,0,1
opennlp,opennlp.tools.formats,TwentyNewsgroupSampleStreamFactory,0,0,6,2,43,10,0,1,-1.0,1,8
opennlp,opennlp.tools.formats,Parameters,0,0,3,0,5,3,0,0,-1.0,0,0
opennlp,opennlp.tools.formats,WordTagSampleStreamFactory,0,0,3,2,26,3,0,1,-1.0,4,7
opennlp,opennlp.tools.formats,Parameters,0,0,0,0,2,0,0,0,-1.0,0,0
opennlp,opennlp.tools.formats.ad,ADChunkSampleStream,5,1,16,8,180,42,0,0,0.125,2,9
opennlp,opennlp.tools.formats.ad,ADChunkSampleStreamFactory,0,0,8,2,38,10,0,0,-1.0,0,8
opennlp,opennlp.tools.formats.ad,Parameters,0,0,5,0,7,5,0,0,-1.0,5,0
opennlp,opennlp.tools.formats.ad,ADNameSampleStream,10,0,12,5,341,55,0,0,0.0,1,9
opennlp,opennlp.tools.formats.ad,ADNameSampleStreamFactory,0,0,7,2,30,7,1,0,-1.0,2,7
opennlp,opennlp.tools.formats.ad,Parameters,0,0,4,0,6,4,0,0,-1.0,0,0
opennlp,opennlp.tools.formats.ad,ADPOSSampleStream,4,0,7,5,96,18,0,0,0.0,0,6
opennlp,opennlp.tools.formats.ad,ADPOSSampleStreamFactory,0,0,8,2,31,8,0,0,-1.0,0,7
opennlp,opennlp.tools.formats.ad,Parameters,0,0,5,0,7,5,0,0,-1.0,0,0
opennlp,opennlp.tools.formats.ad,ADSentenceSampleStream,10,0,7,5,109,19,0,0,0.2857142857142857,0,5
opennlp,opennlp.tools.formats.ad,ADSentenceSampleStreamFactory,0,0,7,2,31,7,0,0,-1.0,0,7
opennlp,opennlp.tools.formats.ad,Parameters,0,0,4,0,6,4,0,0,-1.0,0,0
opennlp,opennlp.tools.formats.ad,ADSentenceStream,34,1,32,30,413,78,0,0,0.40625,5,7
opennlp,opennlp.tools.formats.ad,Sentence,4,1,6,6,24,6,0,0,0.5,6,1
opennlp,opennlp.tools.formats.ad,SentenceParser,17,0,24,22,314,55,0,0,0.4583333333333333,1,4
opennlp,opennlp.tools.formats.ad,TreeElement,3,0,7,7,29,7,2,0,0.5714285714285714,4,0
opennlp,opennlp.tools.formats.ad,Node,1,0,3,3,25,5,0,1,0.0,6,1
opennlp,opennlp.tools.formats.ad,Leaf,4,0,11,10,49,13,0,1,0.18181818181818182,5,0
opennlp,opennlp.tools.formats.ad,ADTokenSampleStreamFactory,0,0,3,2,18,3,0,0,-1.0,0,7
opennlp,opennlp.tools.formats.ad,Parameters,0,0,0,0,2,0,0,1,-1.0,0,1
opennlp,opennlp.tools.formats.ad,PortugueseContractionUtility,1,0,1,1,162,8,0,0,0.0,1,1
opennlp,opennlp.tools.formats.brat,AnnotationConfiguration,6,5,4,4,55,12,0,0,0.5,5,2
opennlp,opennlp.tools.formats.brat,AnnotatorNoteAnnotation,1,0,2,1,11,2,0,1,0.0,0,0
opennlp,opennlp.tools.formats.brat,AttributeAnnotation,2,0,4,3,18,4,0,1,0.0,0,0
opennlp,opennlp.tools.formats.brat,BratAnnotation,3,0,6,5,25,6,5,0,0.0,2,0
opennlp,opennlp.tools.formats.brat,BratAnnotationStream,14,0,12,3,176,30,0,0,0.3333333333333333,0,4
opennlp,opennlp.tools.formats.brat,BratAnnotationParser,3,0,2,0,16,2,5,0,1.0,3,1
opennlp,opennlp.tools.formats.brat,SpanAnnotationParser,2,0,1,0,39,4,0,1,0.0,0,2
opennlp,opennlp.tools.formats.brat,RelationAnnotationParser,2,0,2,0,15,3,0,1,0.0,0,2
opennlp,opennlp.tools.formats.brat,EventAnnotationParser,0,0,1,0,19,4,0,1,-1.0,0,1
opennlp,opennlp.tools.formats.brat,AttributeAnnotationParser,2,0,1,0,16,3,0,1,0.0,0,1
opennlp,opennlp.tools.formats.brat,AnnotatorNoteParser,2,0,1,0,8,1,0,1,0.0,0,1
opennlp,opennlp.tools.formats.brat,BratDocument,4,0,7,7,63,13,0,0,0.0,3,3
opennlp,opennlp.tools.formats.brat,BratDocumentParser,4,0,4,3,94,23,0,0,0.0,1,6
opennlp,opennlp.tools.formats.brat,BratDocumentStream,3,0,4,4,56,12,0,0,0.0,0,2
opennlp,opennlp.tools.formats.brat,BratNameSampleStream,1,0,5,4,51,5,0,1,0.0,0,7
opennlp,opennlp.tools.formats.brat,BratNameSampleStreamFactory,0,0,11,2,89,21,0,0,-1.0,1,11
opennlp,opennlp.tools.formats.brat,Parameters,0,0,7,0,9,7,0,0,-1.0,1,0
opennlp,opennlp.tools.formats.brat,EventAnnotation,2,0,3,2,15,3,0,1,0.0,0,0
opennlp,opennlp.tools.formats.brat,RelationAnnotation,2,0,4,3,18,4,0,1,0.0,0,0
opennlp,opennlp.tools.formats.brat,SegmenterObjectStream,1,0,3,2,23,6,1,0,0.6666666666666666,0,1
opennlp,opennlp.tools.formats.brat,SpanAnnotation,2,0,4,3,19,4,0,1,0.0,1,1
opennlp,opennlp.tools.formats.conllu,ConlluLemmaSampleStream,1,0,2,2,27,4,0,0,0.0,0,2
opennlp,opennlp.tools.formats.conllu,ConlluLemmaSampleStreamFactory,0,0,4,2,36,6,0,0,-1.0,0,7
opennlp,opennlp.tools.formats.conllu,Parameters,0,0,1,0,3,1,0,0,-1.0,4,0
opennlp,opennlp.tools.formats.conllu,ConlluPOSSampleStream,1,0,2,2,25,4,0,0,0.0,0,2
opennlp,opennlp.tools.formats.conllu,ConlluPOSSampleStreamFactory,1,1,4,2,37,6,0,0,1.0,3,6
opennlp,opennlp.tools.formats.conllu,Parameters,0,0,1,0,3,1,0,0,-1.0,0,0
opennlp,opennlp.tools.formats.conllu,ConlluSentence,9,0,11,10,54,11,0,0,0.0,4,0
opennlp,opennlp.tools.formats.conllu,ConlluSentenceSampleStream,1,0,2,2,27,4,0,0,0.0,0,2
opennlp,opennlp.tools.formats.conllu,ConlluSentenceSampleStreamFactory,0,0,4,2,26,4,0,0,-1.0,1,8
opennlp,opennlp.tools.formats.conllu,Parameters,0,0,1,0,3,1,0,0,-1.0,0,0
opennlp,opennlp.tools.formats.conllu,ConlluStream,2,0,7,4,165,29,0,0,0.0,0,3
opennlp,opennlp.tools.formats.conllu,ConlluTokenSampleStream,0,0,2,2,39,9,0,0,-1.0,0,4
opennlp,opennlp.tools.formats.conllu,ConlluTokenSampleStreamFactory,0,0,3,2,25,3,0,0,-1.0,1,8
opennlp,opennlp.tools.formats.conllu,Parameters,0,0,0,0,2,0,0,0,-1.0,0,0
opennlp,opennlp.tools.formats.conllu,ConlluWordLine,10,0,11,9,103,14,0,0,0.0,1,0
opennlp,opennlp.tools.formats.convert,AbstractToSentenceSampleStream,2,0,3,1,40,8,2,0,0.0,0,2
opennlp,opennlp.tools.formats.convert,FileToByteArraySampleStream,0,0,3,2,32,5,0,0,-1.0,1,2
opennlp,opennlp.tools.formats.convert,FileToStringSampleStream,1,0,3,2,42,5,0,0,0.0,1,2
opennlp,opennlp.tools.formats.convert,NameToSentenceSampleStream,0,0,2,1,18,2,0,1,-1.0,0,3
opennlp,opennlp.tools.formats.convert,NameToSentenceSampleStreamFactory,0,0,3,2,19,3,0,0,-1.0,0,7
opennlp,opennlp.tools.formats.convert,Parameters,0,0,0,0,2,0,0,0,-1.0,6,1
opennlp,opennlp.tools.formats.convert,NameToTokenSampleStream,1,0,2,2,24,3,0,0,0.0,0,4
opennlp,opennlp.tools.formats.convert,NameToTokenSampleStreamFactory,0,0,3,2,19,3,0,0,-1.0,0,7
opennlp,opennlp.tools.formats.convert,Parameters,0,0,0,0,2,0,0,0,-1.0,0,1
opennlp,opennlp.tools.formats.convert,ParseToPOSSampleStream,0,0,2,2,28,4,0,0,-1.0,0,2
opennlp,opennlp.tools.formats.convert,ParseToPOSSampleStreamFactory,0,0,3,2,17,3,0,0,-1.0,0,6
opennlp,opennlp.tools.formats.convert,ParseToSentenceSampleStreamFactory,0,0,3,2,18,3,0,0,-1.0,1,8
opennlp,opennlp.tools.formats.convert,Parameters,0,0,0,0,2,0,0,0,-1.0,0,1
opennlp,opennlp.tools.formats.convert,ParseToTokenSampleStreamFactory,0,0,3,2,18,3,0,0,-1.0,1,8
opennlp,opennlp.tools.formats.convert,Parameters,0,0,0,0,2,0,0,0,-1.0,0,1
opennlp,opennlp.tools.formats.convert,POSToSentenceSampleStream,0,0,2,1,18,2,0,1,-1.0,0,3
opennlp,opennlp.tools.formats.convert,POSToSentenceSampleStreamFactory,0,0,3,2,19,3,0,0,-1.0,0,7
opennlp,opennlp.tools.formats.convert,Parameters,0,0,0,0,2,0,0,0,-1.0,0,1
opennlp,opennlp.tools.formats.convert,POSToTokenSampleStream,1,0,2,2,24,3,0,0,0.0,0,4
opennlp,opennlp.tools.formats.convert,POSToTokenSampleStreamFactory,0,0,3,2,19,3,0,0,-1.0,0,7
opennlp,opennlp.tools.formats.convert,Parameters,0,0,0,0,2,0,0,0,-1.0,0,1
opennlp,opennlp.tools.formats.frenchtreebank,ConstitDocumentHandler,12,0,4,3,99,19,0,0,0.0,0,3
opennlp,opennlp.tools.formats.frenchtreebank,ConstitParseSampleStream,2,0,2,1,32,5,0,0,0.0,0,2
opennlp,opennlp.tools.formats.frenchtreebank,ConstitParseSampleStreamFactory,0,0,3,2,18,3,0,0,-1.0,1,5
opennlp,opennlp.tools.formats.frenchtreebank,Parameters,0,0,0,0,2,0,0,0,-1.0,1,0
opennlp,opennlp.tools.formats.irishsentencebank,IrishSentenceBankDocument,8,0,17,14,225,39,0,0,0.11764705882352941,5,4
opennlp,opennlp.tools.formats.irishsentencebank,IrishSentenceBankFlex,2,0,3,3,14,3,0,0,0.0,0,0
opennlp,opennlp.tools.formats.irishsentencebank,IrishSentenceBankSentence,5,0,7,7,32,7,0,0,0.0,1,1
opennlp,opennlp.tools.formats.irishsentencebank,IrishSentenceBankSentenceStream,2,0,3,2,28,6,0,0,0.0,0,1
opennlp,opennlp.tools.formats.irishsentencebank,IrishSentenceBankSentenceStreamFactory,0,0,3,2,25,3,0,0,-1.0,1,7
opennlp,opennlp.tools.formats.irishsentencebank,Parameters,0,0,0,0,2,0,0,0,-1.0,2,0
opennlp,opennlp.tools.formats.irishsentencebank,IrishSentenceBankTokenSampleStream,2,0,3,2,23,4,0,0,0.0,0,1
opennlp,opennlp.tools.formats.irishsentencebank,IrishSentenceBankTokenSampleStreamFactory,0,0,3,2,25,3,0,0,-1.0,1,7
opennlp,opennlp.tools.formats.irishsentencebank,Parameters,0,0,0,0,2,0,0,0,-1.0,0,0
opennlp,opennlp.tools.formats.leipzig,LeipzigLanguageSampleStream,8,0,5,4,98,14,0,0,0.0,0,1
opennlp,opennlp.tools.formats.leipzig,LeipzigSentencesStream,2,0,2,1,52,8,0,0,0.0,0,0
opennlp,opennlp.tools.formats.leipzig,LeipzigLanguageSampleStreamFactory,0,0,7,2,28,7,0,0,-1.0,0,3
opennlp,opennlp.tools.formats.leipzig,Parameters,0,0,4,0,6,4,0,0,-1.0,1,0
opennlp,opennlp.tools.formats.leipzig,SampleShuffleStream,2,0,3,2,21,5,0,0,0.0,0,1
opennlp,opennlp.tools.formats.leipzig,SampleSkipStream,2,0,4,2,22,5,0,0,0.0,0,1
opennlp,opennlp.tools.formats.letsmt,DetokenizeSentenceSampleStream,1,0,2,2,33,5,0,0,0.0,0,4
opennlp,opennlp.tools.formats.letsmt,LetsmtDocument,7,0,8,5,89,12,0,0,0.0,3,4
opennlp,opennlp.tools.formats.letsmt,LetsmtSentence,2,0,2,2,13,3,0,0,1.0,2,0
opennlp,opennlp.tools.formats.letsmt,LetsmtDocumentHandler,3,0,2,2,31,5,0,0,0.0,1,1
opennlp,opennlp.tools.formats.letsmt,LetsmtSentenceStream,2,0,3,2,31,7,0,0,0.0,0,1
opennlp,opennlp.tools.formats.letsmt,LetsmtSentenceStreamFactory,0,0,4,2,36,5,0,0,-1.0,1,9
opennlp,opennlp.tools.formats.letsmt,Parameters,0,0,1,0,3,1,0,0,-1.0,1,0
opennlp,opennlp.tools.formats.masc,MascDocument,6,0,14,6,293,37,0,0,0.0,6,8
opennlp,opennlp.tools.formats.masc,MascDocumentStream,7,0,9,7,133,23,0,0,0.2222222222222222,0,3
opennlp,opennlp.tools.formats.masc,HeaderHandler,3,0,3,2,25,6,0,0,0.0,1,0
opennlp,opennlp.tools.formats.masc,MascNamedEntityParser,4,0,3,3,49,8,0,0,0.0,1,0
opennlp,opennlp.tools.formats.masc,MascNamedEntitySampleStream,1,0,4,4,56,8,0,0,0.5,0,4
opennlp,opennlp.tools.formats.masc,MascNamedEntitySampleStreamFactory,1,1,5,2,24,5,0,0,1.0,1,6
opennlp,opennlp.tools.formats.masc,Parameters,0,0,2,0,4,2,0,0,-1.0,4,0
opennlp,opennlp.tools.formats.masc,MascPennTagParser,5,0,5,5,61,15,0,0,0.0,1,0
opennlp,opennlp.tools.formats.masc,MascPOSSampleStream,1,0,4,4,52,8,0,0,0.5,0,3
opennlp,opennlp.tools.formats.masc,MascPOSSampleStreamFactory,1,1,5,2,24,5,0,0,1.0,1,6
opennlp,opennlp.tools.formats.masc,Parameters,0,0,2,0,4,2,0,0,-1.0,0,0
opennlp,opennlp.tools.formats.masc,MascSentence,9,0,10,7,212,38,0,0,0.0,5,3
opennlp,opennlp.tools.formats.masc,MascSentenceParser,1,0,2,2,22,3,0,0,0.0,1,0
opennlp,opennlp.tools.formats.masc,MascSentenceSampleStream,2,0,4,4,50,8,0,0,0.5,0,3
opennlp,opennlp.tools.formats.masc,MascSentenceSampleStreamFactory,1,1,6,2,25,6,0,0,1.0,1,6
opennlp,opennlp.tools.formats.masc,Parameters,0,0,3,0,5,3,0,0,-1.0,0,0
opennlp,opennlp.tools.formats.masc,MascToken,5,0,5,5,51,5,0,0,0.0,1,1
opennlp,opennlp.tools.formats.masc,MascTokenSampleStream,2,0,4,4,68,12,0,0,0.5,0,4
opennlp,opennlp.tools.formats.masc,MascTokenSampleStreamFactory,1,1,6,2,25,6,0,0,1.0,1,6
opennlp,opennlp.tools.formats.masc,Parameters,0,0,3,0,5,3,0,0,-1.0,0,0
opennlp,opennlp.tools.formats.masc,MascWord,2,0,2,2,18,2,0,0,0.0,3,0
opennlp,opennlp.tools.formats.masc,MascWordParser,1,0,2,2,23,3,0,0,0.0,1,0
opennlp,opennlp.tools.formats.moses,MosesSentenceSampleStream,0,0,2,2,27,4,0,0,-1.0,0,1
opennlp,opennlp.tools.formats.moses,MosesSentenceSampleStreamFactory,0,0,3,2,26,3,0,0,-1.0,0,7
opennlp,opennlp.tools.formats.moses,Parameters,0,0,0,0,2,0,0,0,-1.0,1,0
opennlp,opennlp.tools.formats.muc,DocumentSplitterStream,3,0,2,1,41,9,0,0,1.0,0,1
opennlp,opennlp.tools.formats.muc,Muc6NameSampleStreamFactory,0,0,4,2,18,4,0,0,-1.0,1,9
opennlp,opennlp.tools.formats.muc,Parameters,0,0,1,0,3,1,0,0,-1.0,1,0
opennlp,opennlp.tools.formats.muc,MucElementNames,6,0,1,0,18,1,0,0,0.0,2,1
opennlp,opennlp.tools.formats.muc,MucNameContentHandler,12,0,4,4,76,12,0,1,0.0,0,4
opennlp,opennlp.tools.formats.muc,MucNameSampleStream,2,0,2,1,29,5,0,0,0.0,0,2
opennlp,opennlp.tools.formats.muc,SgmlParser,0,0,6,4,96,25,1,0,-1.0,2,3
opennlp,opennlp.tools.formats.muc,ContentHandler,0,0,3,3,8,3,0,0,-1.0,1,0
opennlp,opennlp.tools.formats.nkjp,NKJPSegmentationDocument,6,0,12,5,175,39,0,0,0.25,3,3
opennlp,opennlp.tools.formats.nkjp,Pointer,5,0,3,3,20,3,0,0,0.0,1,0
opennlp,opennlp.tools.formats.nkjp,NKJPSentenceSampleStream,3,0,3,2,59,8,0,0,0.0,0,3
opennlp,opennlp.tools.formats.nkjp,NKJPSentenceSampleStreamFactory,0,0,4,2,26,4,0,0,-1.0,1,8
opennlp,opennlp.tools.formats.nkjp,Parameters,0,0,1,0,3,1,0,0,-1.0,1,0
opennlp,opennlp.tools.formats.nkjp,NKJPTextDocument,2,0,8,1,119,20,0,0,0.25,3,2
opennlp,opennlp.tools.formats.ontonotes,DocumentToLineStream,0,0,2,1,21,3,0,0,-1.0,0,1
opennlp,opennlp.tools.formats.ontonotes,OntoNotesFormatParameters,0,0,1,0,3,1,0,0,-1.0,2,0
opennlp,opennlp.tools.formats.ontonotes,OntoNotesNameSampleStream,2,0,3,2,100,18,0,0,0.0,0,3
opennlp,opennlp.tools.formats.ontonotes,OntoNotesNameSampleStreamFactory,0,0,3,3,19,4,0,0,-1.0,0,5
opennlp,opennlp.tools.formats.ontonotes,OntoNotesParseSampleStream,0,0,2,2,28,6,0,0,-1.0,0,2
opennlp,opennlp.tools.formats.ontonotes,OntoNotesParseSampleStreamFactory,0,0,3,2,19,4,0,0,-1.0,1,5
opennlp,opennlp.tools.formats.ontonotes,OntoNotesPOSSampleStreamFactory,1,0,3,2,13,3,0,0,1.0,0,4
opennlp,opennlp.tools.langdetect,DefaultLanguageDetectorContextGenerator,3,0,2,2,28,3,0,1,0.0,0,2
opennlp,opennlp.tools.langdetect,Language,3,0,7,7,44,9,0,0,0.0,3,0
opennlp,opennlp.tools.langdetect,LanguageDetector,0,0,3,0,21,3,1,0,-1.0,2,0
opennlp,opennlp.tools.langdetect,LanguageDetectorConfig,9,5,12,12,60,12,1,0,0.3333333333333333,2,1
opennlp,opennlp.tools.langdetect,ImmutableLanguageDetectorConfig,0,0,4,4,10,4,0,1,-1.0,0,0
opennlp,opennlp.tools.langdetect,LanguageDetectorContextGenerator,0,0,1,0,11,1,1,0,-1.0,2,0
opennlp,opennlp.tools.langdetect,LanguageDetectorCrossValidator,4,0,4,4,48,5,0,0,0.0,1,9
opennlp,opennlp.tools.langdetect,LanguageDetectorEvaluationMonitor,0,0,0,0,5,0,0,0,-1.0,3,0
opennlp,opennlp.tools.langdetect,LanguageDetectorEvaluator,2,0,5,5,49,6,0,0,0.0,2,4
opennlp,opennlp.tools.langdetect,LanguageDetectorEventStream,2,0,5,4,31,5,0,0,0.4,0,2
opennlp,opennlp.tools.langdetect,LanguageDetectorFactory,0,0,4,4,35,5,0,0,-1.0,6,7
opennlp,opennlp.tools.langdetect,LanguageDetectorME,2,0,13,7,171,30,0,1,0.23076923076923078,2,12
opennlp,opennlp.tools.langdetect,LanguageDetectorModel,2,0,8,6,64,9,0,0,0.375,5,2
opennlp,opennlp.tools.langdetect,LanguageDetectorSampleStream,0,0,2,2,24,4,0,0,-1.0,0,1
opennlp,opennlp.tools.languagemodel,LanguageModel,0,0,2,0,17,2,1,0,-1.0,0,0
opennlp,opennlp.tools.languagemodel,NGramLanguageModel,2,0,9,7,121,24,0,1,0.3333333333333333,1,2
opennlp,opennlp.tools.lemmatizer,DefaultLemmatizerContextGenerator,4,0,5,3,66,13,0,1,0.6,1,1
opennlp,opennlp.tools.lemmatizer,DefaultLemmatizerSequenceValidator,0,0,1,1,8,1,0,0,-1.0,0,0
opennlp,opennlp.tools.lemmatizer,DictionaryLemmatizer,1,0,12,8,123,17,0,1,0.3333333333333333,0,0
opennlp,opennlp.tools.lemmatizer,LemmaSample,4,0,9,8,72,13,0,0,0.0,7,0
opennlp,opennlp.tools.lemmatizer,LemmaSampleEventStream,1,0,2,1,30,4,0,0,0.0,0,4
opennlp,opennlp.tools.lemmatizer,LemmaSampleSequenceStream,2,0,5,5,35,7,0,0,0.4,1,6
opennlp,opennlp.tools.lemmatizer,LemmaSampleStream,1,0,2,2,35,5,0,0,1.0,0,1
opennlp,opennlp.tools.lemmatizer,Lemmatizer,0,0,2,0,19,2,2,0,-1.0,1,0
opennlp,opennlp.tools.lemmatizer,LemmatizerContextGenerator,0,0,1,0,14,1,1,0,-1.0,3,0
opennlp,opennlp.tools.lemmatizer,LemmatizerEvaluationMonitor,0,0,0,0,5,0,0,0,-1.0,2,0
opennlp,opennlp.tools.lemmatizer,LemmatizerEvaluator,2,0,5,4,53,7,0,0,0.0,1,4
opennlp,opennlp.tools.lemmatizer,LemmatizerFactory,0,0,5,5,41,6,0,0,-1.0,4,2
opennlp,opennlp.tools.lemmatizer,LemmatizerME,7,2,14,14,198,26,0,1,0.14285714285714285,5,17
opennlp,opennlp.tools.lemmatizer,LemmatizerModel,3,0,12,10,122,16,0,0,0.4166666666666667,4,5
opennlp,opennlp.tools.log,LogPrintStream,2,0,5,4,52,10,0,0,0.0,0,0
opennlp,opennlp.tools.ml,AbstractEventModelSequenceTrainer,0,0,3,3,14,3,0,1,-1.0,0,4
opennlp,opennlp.tools.ml,AbstractEventTrainer,4,4,8,8,44,10,0,1,0.375,3,9
opennlp,opennlp.tools.ml,AbstractMLModelWriter,5,0,4,1,77,14,0,0,0.5,0,2
opennlp,opennlp.tools.ml,AbstractTrainer,8,6,8,7,68,9,2,0,0.25,4,2
opennlp,opennlp.tools.ml,ArrayMath,0,0,10,10,117,24,0,0,-1.0,17,2
opennlp,opennlp.tools.ml,BeamSearch,7,1,6,6,140,22,0,0,0.0,10,5
opennlp,opennlp.tools.ml,EventModelSequenceTrainer,1,0,1,0,14,1,1,0,-1.0,5,1
opennlp,opennlp.tools.ml,EventTrainer,1,0,2,0,20,2,1,0,-1.0,15,2
opennlp,opennlp.tools.ml,SequenceTrainer,1,0,1,0,11,1,0,0,-1.0,5,1
opennlp,opennlp.tools.ml,TrainerFactory,1,0,6,5,151,18,0,0,0.3333333333333333,18,14
opennlp,opennlp.tools.ml.maxent,BasicContextGenerator,1,0,3,3,18,3,0,1,0.6666666666666666,0,0
opennlp,opennlp.tools.ml.maxent,ContextGenerator,0,0,1,0,10,1,1,0,-1.0,0,0
opennlp,opennlp.tools.ml.maxent,DataStream,0,0,2,0,15,2,0,0,-1.0,0,0
opennlp,opennlp.tools.ml.maxent,GISModel,0,0,11,9,119,17,0,0,-1.0,3,5
opennlp,opennlp.tools.ml.maxent,GISTrainer,37,3,20,13,478,69,0,0,0.2,4,10
opennlp,opennlp.tools.ml.maxent,ModelExpectationComputeTask,6,0,5,1,55,11,0,0,0.0,1,2
opennlp,opennlp.tools.ml.maxent,RealBasicEventStream,1,0,5,4,33,7,0,0,0.0,0,2
opennlp,opennlp.tools.ml.maxent.io,BinaryGISModelReader,0,0,1,1,12,1,0,1,-1.0,0,0
opennlp,opennlp.tools.ml.maxent.io,BinaryGISModelWriter,1,0,6,6,54,7,0,1,0.0,0,2
opennlp,opennlp.tools.ml.maxent.io,BinaryQNModelReader,0,0,1,1,12,1,0,2,-1.0,0,0
opennlp,opennlp.tools.ml.maxent.io,BinaryQNModelWriter,1,0,6,6,58,7,0,2,0.0,0,2
opennlp,opennlp.tools.ml.maxent.io,GISModelReader,1,0,4,4,40,5,2,0,1.0,0,2
opennlp,opennlp.tools.ml.maxent.io,GISModelWriter,0,0,3,2,70,10,2,0,-1.0,0,2
opennlp,opennlp.tools.ml.maxent.io,QNModelReader,1,0,4,4,38,5,1,1,1.0,0,2
opennlp,opennlp.tools.ml.maxent.io,QNModelWriter,0,0,2,2,27,7,1,1,-1.0,0,2
opennlp,opennlp.tools.ml.maxent.quasinewton,Function,0,0,3,0,8,3,2,0,-1.0,4,0
opennlp,opennlp.tools.ml.maxent.quasinewton,LineSearch,12,0,30,30,198,40,0,0,0.13333333333333333,1,3
opennlp,opennlp.tools.ml.maxent.quasinewton,LineSearchResult,10,0,28,28,126,28,0,0,0.0,4,1
opennlp,opennlp.tools.ml.maxent.quasinewton,NegLogLikelihood,11,0,6,5,114,18,1,1,0.0,0,2
opennlp,opennlp.tools.ml.maxent.quasinewton,ParallelNegLogLikelihood,10,0,9,8,163,27,0,2,0.0,1,3
opennlp,opennlp.tools.ml.maxent.quasinewton,ComputeTask,4,0,1,1,15,1,2,0,0.0,0,0
opennlp,opennlp.tools.ml.maxent.quasinewton,NegLLComputeTask,1,0,2,2,29,5,0,1,0.0,0,1
opennlp,opennlp.tools.ml.maxent.quasinewton,GradientComputeTask,1,0,2,2,39,8,0,1,0.0,0,1
opennlp,opennlp.tools.ml.maxent.quasinewton,QNMinimizer,26,9,18,12,321,62,0,0,0.2222222222222222,1,6
opennlp,opennlp.tools.ml.maxent.quasinewton,UpdateInfo,6,0,2,1,48,7,0,0,0.0,1,1
opennlp,opennlp.tools.ml.maxent.quasinewton,L2RegFunction,2,0,5,4,35,9,0,1,0.0,0,2
opennlp,opennlp.tools.ml.maxent.quasinewton,Evaluator,0,0,1,0,11,1,0,0,-1.0,1,0
opennlp,opennlp.tools.ml.maxent.quasinewton,QNModel,0,0,8,5,94,16,0,0,-1.0,1,2
opennlp,opennlp.tools.ml.maxent.quasinewton,QNTrainer,17,11,11,10,160,22,0,0,0.45454545454545453,1,7
opennlp,opennlp.tools.ml.model,AbstractDataIndexer,14,4,13,9,182,24,2,1,0.38461538461538464,3,6
opennlp,opennlp.tools.ml.model,AbstractModel,5,0,12,10,131,19,0,1,0.16666666666666666,20,4
opennlp,opennlp.tools.ml.model,AbstractModelReader,2,0,12,8,140,21,1,0,0.16666666666666666,1,2
opennlp,opennlp.tools.ml.model,AbstractModelWriter,0,0,6,6,36,6,1,0,-1.0,1,0
opennlp,opennlp.tools.ml.model,BinaryFileDataReader,1,0,6,6,50,7,0,1,0.3333333333333333,0,1
opennlp,opennlp.tools.ml.model,ComparableEvent,4,4,6,6,69,19,0,0,0.3333333333333333,3,1
opennlp,opennlp.tools.ml.model,ComparablePredicate,3,3,5,5,40,10,0,0,0.0,6,1
opennlp,opennlp.tools.ml.model,Context,2,0,5,5,46,7,1,0,0.0,17,0
opennlp,opennlp.tools.ml.model,DataIndexer,0,0,10,0,51,10,1,0,-1.0,10,2
opennlp,opennlp.tools.ml.model,DataIndexerFactory,0,0,1,1,36,5,0,0,-1.0,1,4
opennlp,opennlp.tools.ml.model,DataReader,0,0,3,0,20,3,3,0,-1.0,6,0
opennlp,opennlp.tools.ml.model,DynamicEvalParameters,2,0,3,3,25,3,0,0,0.0,0,0
opennlp,opennlp.tools.ml.model,EvalParameters,3,0,5,5,39,7,0,0,0.0,7,1
opennlp,opennlp.tools.ml.model,Event,3,0,7,7,78,12,0,0,0.0,12,0
opennlp,opennlp.tools.ml.model,FileEventStream,1,0,8,8,78,11,1,0,0.625,0,1
opennlp,opennlp.tools.ml.model,GenericModelReader,1,0,4,4,44,8,0,1,0.75,0,2
opennlp,opennlp.tools.ml.model,GenericModelWriter,1,0,8,7,62,13,0,1,0.0,1,2
opennlp,opennlp.tools.ml.model,HashSumEventStream,1,0,3,3,33,4,0,0,0.0,2,2
opennlp,opennlp.tools.ml.model,MaxentModel,0,0,8,0,53,8,1,0,-1.0,26,0
opennlp,opennlp.tools.ml.model,ModelParameterChunker,2,1,4,2,66,9,0,0,0.5,6,1
opennlp,opennlp.tools.ml.model,MutableContext,0,0,4,4,33,4,0,1,-1.0,4,0
opennlp,opennlp.tools.ml.model,ObjectDataReader,1,0,4,4,31,4,0,1,0.0,0,0
opennlp,opennlp.tools.ml.model,OnePassDataIndexer,1,0,3,2,52,5,1,2,0.6666666666666666,0,3
opennlp,opennlp.tools.ml.model,OnePassRealValueDataIndexer,1,0,3,2,26,5,0,3,0.6666666666666666,0,1
opennlp,opennlp.tools.ml.model,PlainTextFileDataReader,1,0,6,6,52,7,0,1,0.0,0,0
opennlp,opennlp.tools.ml.model,Prior,0,0,4,0,31,4,1,0,-1.0,3,1
opennlp,opennlp.tools.ml.model,RealValueFileEventStream,1,0,5,5,81,11,0,1,0.8,2,1
opennlp,opennlp.tools.ml.model,Sequence,2,0,3,3,30,3,0,0,0.0,12,1
opennlp,opennlp.tools.ml.model,SequenceClassificationModel,0,0,4,0,40,4,0,0,-1.0,8,2
opennlp,opennlp.tools.ml.model,SequenceStream,0,0,1,0,14,1,0,0,-1.0,5,2
opennlp,opennlp.tools.ml.model,SequenceStreamEventStream,2,0,4,4,30,6,0,0,0.0,0,2
opennlp,opennlp.tools.ml.model,TwoPassDataIndexer,2,0,7,6,113,18,0,2,0.5714285714285714,0,3
opennlp,opennlp.tools.ml.model,EventStream,1,0,4,4,30,8,0,0,0.5,0,0
opennlp,opennlp.tools.ml.model,UniformPrior,2,0,6,6,34,9,0,1,0.0,0,1
opennlp,opennlp.tools.ml.naivebayes,BinaryNaiveBayesModelReader,0,0,2,2,19,2,0,1,-1.0,0,0
opennlp,opennlp.tools.ml.naivebayes,BinaryNaiveBayesModelWriter,1,0,6,6,44,7,0,1,0.0,0,2
opennlp,opennlp.tools.ml.naivebayes,LogProbabilities,0,0,12,10,149,30,0,1,-1.0,0,1
opennlp,opennlp.tools.ml.naivebayes,LogProbability,0,0,12,12,85,14,0,1,-1.0,0,1
opennlp,opennlp.tools.ml.naivebayes,NaiveBayesEvalParameters,2,0,3,3,19,3,0,0,0.0,0,1
opennlp,opennlp.tools.ml.naivebayes,NaiveBayesModel,2,0,12,6,152,25,0,0,0.3333333333333333,2,4
opennlp,opennlp.tools.ml.naivebayes,NaiveBayesModelReader,1,0,4,4,43,5,2,0,1.0,0,2
opennlp,opennlp.tools.ml.naivebayes,NaiveBayesModelWriter,0,0,3,2,52,5,2,0,-1.0,0,2
opennlp,opennlp.tools.ml.naivebayes,NaiveBayesTrainer,12,1,7,5,141,20,0,0,0.5714285714285714,1,6
opennlp,opennlp.tools.ml.naivebayes,PlainTextNaiveBayesModelReader,0,0,2,2,20,2,0,1,-1.0,0,0
opennlp,opennlp.tools.ml.naivebayes,PlainTextNaiveBayesModelWriter,1,0,6,6,47,7,0,1,0.0,0,1
opennlp,opennlp.tools.ml.naivebayes,Probabilities,4,0,17,15,163,31,1,0,0.17647058823529413,1,1
opennlp,opennlp.tools.ml.naivebayes,Probability,2,0,12,12,90,14,1,0,0.0,4,1
opennlp,opennlp.tools.ml.perceptron,BinaryPerceptronModelReader,0,0,2,2,19,2,0,1,-1.0,0,0
opennlp,opennlp.tools.ml.perceptron,BinaryPerceptronModelWriter,1,0,6,6,43,7,0,1,0.0,0,2
opennlp,opennlp.tools.ml.perceptron,PerceptronModel,0,0,10,8,107,19,0,0,-1.0,3,4
opennlp,opennlp.tools.ml.perceptron,PerceptronModelReader,1,0,4,4,43,5,1,0,1.0,0,2
opennlp,opennlp.tools.ml.perceptron,PerceptronModelWriter,1,0,3,2,74,9,1,0,1.0,0,2
opennlp,opennlp.tools.ml.perceptron,PerceptronTrainer,16,2,13,10,252,46,0,0,0.38461538461538464,3,7
opennlp,opennlp.tools.ml.perceptron,SimplePerceptronSequenceTrainer,20,1,7,5,306,58,0,0,0.42857142857142855,1,7
opennlp,opennlp.tools.namefind,BilouCodec,5,5,4,4,127,30,0,0,0.5,4,3
opennlp,opennlp.tools.namefind,BilouNameFinderSequenceValidator,0,0,1,1,36,10,0,0,-1.0,0,2
opennlp,opennlp.tools.namefind,BioCodec,4,3,5,4,97,24,0,0,0.4,5,2
opennlp,opennlp.tools.namefind,DefaultNameContextGenerator,2,0,5,5,67,13,0,1,0.0,0,3
opennlp,opennlp.tools.namefind,DictionaryNameFinder,3,0,4,4,52,9,0,1,0.75,0,3
opennlp,opennlp.tools.namefind,DocumentNameFinder,0,0,1,0,11,1,0,0,-1.0,0,0
opennlp,opennlp.tools.namefind,NameContextGenerator,0,0,3,0,22,3,1,0,-1.0,3,1
opennlp,opennlp.tools.namefind,NameFinderEventStream,4,0,6,4,108,17,0,0,0.5,2,8
opennlp,opennlp.tools.namefind,NameFinderME,12,4,12,9,192,26,0,1,0.4166666666666667,9,22
opennlp,opennlp.tools.namefind,NameFinderSequenceValidator,0,0,1,1,29,7,0,0,-1.0,0,2
opennlp,opennlp.tools.namefind,NameSample,8,1,14,13,213,42,0,0,0.0,29,4
opennlp,opennlp.tools.namefind,NameSampleDataStream,3,3,2,2,29,4,0,0,1.0,1,2
opennlp,opennlp.tools.namefind,NameSampleSequenceStream,4,0,10,10,99,13,0,0,0.0,1,10
opennlp,opennlp.tools.namefind,NameSampleTypeFilter,1,0,3,3,39,6,0,0,0.0,0,2
opennlp,opennlp.tools.namefind,RegexNameFinder,3,0,10,9,130,27,0,1,0.2,0,1
opennlp,opennlp.tools.namefind,RegexNameFinderFactory,0,0,15,12,104,17,0,0,-1.0,0,0
opennlp,opennlp.tools.namefind,RegexAble,0,0,2,0,4,2,0,0,-1.0,0,0
opennlp,opennlp.tools.namefind,TokenNameFinder,0,0,2,0,15,2,3,0,-1.0,3,0
opennlp,opennlp.tools.namefind,TokenNameFinderCrossValidator,1,0,1,0,8,1,0,0,0.0,1,1
opennlp,opennlp.tools.namefind,NameToDocumentSampleStream,1,0,3,2,35,8,0,0,0.6666666666666666,0,2
opennlp,opennlp.tools.namefind,DocumentToNameSampleStream,9,0,7,6,98,11,0,0,0.42857142857142855,0,10
opennlp,opennlp.tools.namefind,TokenNameFinderEvaluationMonitor,0,0,0,0,5,0,0,0,-1.0,2,0
opennlp,opennlp.tools.namefind,TokenNameFinderEvaluator,2,0,3,2,44,6,0,0,0.0,2,5
opennlp,opennlp.tools.namefind,TokenNameFinderFactory,3,0,13,8,187,22,0,0,0.15384615384615385,6,6
opennlp,opennlp.tools.namefind,TokenNameFinderModel,4,0,19,13,200,29,0,0,0.42105263157894735,6,7
opennlp,opennlp.tools.namefind,FeatureGeneratorCreationError,0,0,1,0,5,1,0,0,-1.0,0,0
opennlp,opennlp.tools.ngram,NGramCharModel,2,0,14,14,160,30,0,0,0.14285714285714285,1,1
opennlp,opennlp.tools.ngram,NGramGenerator,0,0,2,2,47,6,0,0,-1.0,0,0
opennlp,opennlp.tools.ngram,NGramModel,3,0,22,22,225,40,0,0,0.22727272727272727,4,5
opennlp,opennlp.tools.ngram,NGramUtils,0,0,16,12,215,35,0,0,-1.0,2,2
opennlp,opennlp.tools.parser,AbstractBottomUpParser,23,10,14,8,456,75,0,1,0.14285714285714285,10,10
opennlp,opennlp.tools.parser,AbstractContextGenerator,4,0,11,0,310,89,0,0,0.6363636363636364,0,3
opennlp,opennlp.tools.parser,AbstractParserEventStream,7,0,10,3,149,29,0,0,0.0,1,9
opennlp,opennlp.tools.parser,ChunkContextGenerator,3,0,6,4,140,17,0,0,0.3333333333333333,0,1
opennlp,opennlp.tools.parser,ChunkSampleStream,0,0,4,3,73,14,0,0,-1.0,1,4
opennlp,opennlp.tools.parser,Cons,4,0,1,1,16,1,0,0,0.0,4,0
opennlp,opennlp.tools.parser,Constituent,2,0,4,4,33,4,0,0,0.0,4,1
opennlp,opennlp.tools.parser,GapLabeler,0,0,1,0,11,1,0,0,-1.0,1,0
opennlp,opennlp.tools.parser,HeadRules,0,0,2,0,16,2,0,0,-1.0,10,1
opennlp,opennlp.tools.parser,Parse,24,6,66,61,920,171,0,0,0.045454545454545456,32,6
opennlp,opennlp.tools.parser,Parser,0,0,2,0,18,2,1,0,-1.0,9,1
opennlp,opennlp.tools.parser,ParserChunkerFactory,0,0,2,2,13,3,0,0,-1.0,0,2
opennlp,opennlp.tools.parser,ParserChunkerSequenceValidator,1,0,3,3,40,10,0,0,0.0,0,1
opennlp,opennlp.tools.parser,ParserCrossValidator,6,0,3,3,56,6,0,0,0.0,0,11
opennlp,opennlp.tools.parser,ParserEvaluationMonitor,0,0,0,0,5,0,0,0,-1.0,2,0
opennlp,opennlp.tools.parser,ParserEvaluator,2,0,4,2,60,11,0,0,0.0,3,7
opennlp,opennlp.tools.parser,ParserFactory,0,0,3,2,36,5,0,0,-1.0,4,3
opennlp,opennlp.tools.parser,ParserModel,8,0,24,22,241,40,0,0,0.2916666666666667,11,6
opennlp,opennlp.tools.parser,HeadRulesSerializer,0,0,2,2,8,2,0,0,-1.0,0,1
opennlp,opennlp.tools.parser,ParseSampleStream,0,0,2,2,23,4,0,0,-1.0,0,2
opennlp,opennlp.tools.parser,PosSampleStream,0,0,2,2,26,4,0,0,-1.0,0,2
opennlp,opennlp.tools.parser.chunking,BuildContextGenerator,4,0,4,4,239,45,0,0,0.5,2,4
opennlp,opennlp.tools.parser.chunking,CheckContextGenerator,0,0,3,3,81,10,0,0,-1.0,2,1
opennlp,opennlp.tools.parser.chunking,Parser,13,0,7,4,253,40,0,0,0.42857142857142855,6,19
opennlp,opennlp.tools.parser.chunking,ParserEventStream,3,0,6,3,126,22,0,0,0.5,2,9
opennlp,opennlp.tools.parser.lang.en,HeadRules,4,2,14,13,193,48,1,6216,0.2857142857142857,4,5
opennlp,opennlp.tools.parser.lang.en,HeadRulesSerializer,0,0,2,2,8,2,0,0,-1.0,0,1
opennlp,opennlp.tools.parser.lang.en,HeadRule,2,2,3,3,23,6,0,0,0.0,1,0
opennlp,opennlp.tools.parser.lang.es,AncoraSpanishHeadRules,4,2,14,13,193,48,0,0,0.2857142857142857,2,5
opennlp,opennlp.tools.parser.lang.es,HeadRulesSerializer,0,0,2,2,8,2,0,0,-1.0,0,1
opennlp,opennlp.tools.parser.lang.es,HeadRule,2,2,3,3,23,6,0,0,0.0,1,0
opennlp,opennlp.tools.parser.treeinsert,AttachContextGenerator,0,0,4,3,107,14,0,0,-1.0,2,2
opennlp,opennlp.tools.parser.treeinsert,BuildContextGenerator,1,0,3,3,94,9,0,0,0.0,2,3
opennlp,opennlp.tools.parser.treeinsert,CheckContextGenerator,1,0,3,3,84,10,0,0,0.0,2,2
opennlp,opennlp.tools.parser.treeinsert,Parser,22,5,14,5,418,64,0,0,0.2857142857142857,6,21
opennlp,opennlp.tools.parser.treeinsert,ParserEventStream,4,0,8,3,252,54,0,0,0.375,0,9
opennlp,opennlp.tools.postag,ConfigurablePOSContextGenerator,3,0,3,3,67,10,0,1,0.0,0,2
opennlp,opennlp.tools.postag,DefaultPOSContextGenerator,9,0,6,4,152,29,0,1,0.0,1,3
opennlp,opennlp.tools.postag,DefaultPOSSequenceValidator,1,0,2,2,21,3,0,0,0.0,0,1
opennlp,opennlp.tools.postag,MutableTagDictionary,0,0,1,0,12,1,1,1,-1.0,1,0
opennlp,opennlp.tools.postag,POSContextGenerator,0,0,1,0,14,1,2,0,-1.0,4,0
opennlp,opennlp.tools.postag,POSDictionary,3,0,16,15,148,29,0,2,0.3125,3,4
opennlp,opennlp.tools.postag,POSEvaluator,2,0,5,4,53,7,0,0,0.0,2,4
opennlp,opennlp.tools.postag,POSModel,4,0,16,13,150,23,0,0,0.5625,13,6
opennlp,opennlp.tools.postag,POSSample,4,0,12,11,131,23,0,0,0.16666666666666666,24,1
opennlp,opennlp.tools.postag,POSSampleEventStream,1,0,5,4,43,6,0,0,0.4,2,4
opennlp,opennlp.tools.postag,POSSampleSequenceStream,2,0,6,6,52,8,0,0,0.0,1,8
opennlp,opennlp.tools.postag,POSTagger,0,0,4,0,31,4,1,0,-1.0,6,0
opennlp,opennlp.tools.postag,POSTaggerCrossValidator,10,0,5,5,98,12,0,0,0.0,1,10
opennlp,opennlp.tools.postag,POSTaggerEvaluationMonitor,0,0,0,0,5,0,0,0,-1.0,4,0
opennlp,opennlp.tools.postag,POSTaggerFactory,6,0,27,17,285,52,0,0,0.2962962962962963,6,11
opennlp,opennlp.tools.postag,POSDictionarySerializer,0,0,3,2,11,3,0,0,-1.0,1,1
opennlp,opennlp.tools.postag,POSTaggerME,11,1,15,15,241,42,0,1,0.2,7,24
opennlp,opennlp.tools.postag,TagDictionary,0,0,2,0,16,2,1,0,-1.0,5,0
opennlp,opennlp.tools.postag,WordTagSampleStream,1,0,2,2,35,3,0,0,1.0,0,2
opennlp,opennlp.tools.sentdetect,DefaultEndOfSentenceScanner,1,0,5,5,41,10,0,1,0.0,0,0
opennlp,opennlp.tools.sentdetect,DefaultSDContextGenerator,4,0,8,3,193,36,0,1,0.0,1,2
opennlp,opennlp.tools.sentdetect,EmptyLinePreprocessorStream,1,0,3,2,26,6,0,0,0.6666666666666666,1,2
opennlp,opennlp.tools.sentdetect,EndOfSentenceScanner,0,0,4,0,27,4,1,0,-1.0,2,0
opennlp,opennlp.tools.sentdetect,NewlineSentenceDetector,0,0,2,2,31,8,0,1,-1.0,0,1
opennlp,opennlp.tools.sentdetect,SDContextGenerator,0,0,1,0,12,1,1,0,-1.0,2,0
opennlp,opennlp.tools.sentdetect,SDCrossValidator,5,0,3,3,36,4,0,0,0.0,1,9
opennlp,opennlp.tools.sentdetect,SDEventStream,2,0,2,1,30,5,0,0,0.0,0,5
opennlp,opennlp.tools.sentdetect,SentenceDetector,0,0,2,0,17,2,2,0,-1.0,4,0
opennlp,opennlp.tools.sentdetect,SentenceDetectorEvaluationMonitor,0,0,0,0,2,0,0,0,-1.0,4,0
opennlp,opennlp.tools.sentdetect,SentenceDetectorEvaluator,2,0,4,2,38,5,0,0,0.0,2,5
opennlp,opennlp.tools.sentdetect,SentenceDetectorFactory,7,0,15,12,151,29,0,0,0.13333333333333333,6,4
opennlp,opennlp.tools.sentdetect,SentenceDetectorME,8,2,11,7,226,38,0,1,0.2727272727272727,6,15
opennlp,opennlp.tools.sentdetect,SentenceModel,3,0,12,10,86,16,0,0,0.3333333333333333,6,4
opennlp,opennlp.tools.sentdetect,SentenceSample,3,0,7,7,66,13,0,0,0.0,16,2
opennlp,opennlp.tools.sentdetect,SentenceSampleStream,0,0,3,3,29,5,0,0,-1.0,3,2
opennlp,opennlp.tools.sentdetect.lang,Factory,4,4,6,6,39,11,0,0,0.5,3,0
opennlp,opennlp.tools.sentdetect.lang.th,SentenceContextGenerator,1,1,2,1,33,2,0,0,1.0,0,0
opennlp,opennlp.tools.stemmer,PorterStemmer,7,0,27,13,412,148,0,1,0.07407407407407407,0,0
opennlp,opennlp.tools.stemmer,Stemmer,0,0,1,0,6,1,1,0,-1.0,0,0
opennlp,opennlp.tools.stemmer.snowball,AbstractSnowballStemmer,0,0,1,1,3,1,21,1,-1.0,1,0
opennlp,opennlp.tools.stemmer.snowball,Among,6,6,1,1,26,2,0,0,0.0,22,1
opennlp,opennlp.tools.stemmer.snowball,arabicStemmer,29,0,26,3,1275,318,0,2,0.11538461538461539,1,2
opennlp,opennlp.tools.stemmer.snowball,catalanStemmer,10,0,12,3,349,90,0,2,0.25,1,2
opennlp,opennlp.tools.stemmer.snowball,danishStemmer,9,0,9,3,275,52,0,2,0.3333333333333333,1,2
opennlp,opennlp.tools.stemmer.snowball,dutchStemmer,13,0,13,3,571,132,0,2,0.23076923076923078,1,2
opennlp,opennlp.tools.stemmer.snowball,englishStemmer,18,0,19,3,864,206,0,2,0.15789473684210525,1,2
opennlp,opennlp.tools.stemmer.snowball,finnishStemmer,19,0,15,3,676,142,0,2,0.26666666666666666,1,2
opennlp,opennlp.tools.stemmer.snowball,frenchStemmer,15,0,16,3,970,221,0,2,0.1875,1,2
opennlp,opennlp.tools.stemmer.snowball,germanStemmer,12,0,10,3,506,113,0,2,0.3,1,2
opennlp,opennlp.tools.stemmer.snowball,greekStemmer,79,0,37,3,1777,320,0,2,0.08108108108108109,1,2
opennlp,opennlp.tools.stemmer.snowball,hungarianStemmer,15,0,18,3,645,172,0,2,0.16666666666666666,1,2
opennlp,opennlp.tools.stemmer.snowball,indonesianStemmer,10,1,14,3,350,73,0,2,0.21428571428571427,1,2
opennlp,opennlp.tools.stemmer.snowball,irishStemmer,9,0,12,3,345,91,0,2,0.25,1,2
opennlp,opennlp.tools.stemmer.snowball,italianStemmer,15,0,14,3,704,166,0,2,0.21428571428571427,1,2
opennlp,opennlp.tools.stemmer.snowball,norwegianStemmer,8,0,8,3,231,45,0,2,0.375,1,2
opennlp,opennlp.tools.stemmer.snowball,porterStemmer,12,0,15,3,602,143,0,2,0.2,1,2
opennlp,opennlp.tools.stemmer.snowball,portugueseStemmer,14,0,14,3,664,157,0,2,0.21428571428571427,1,2
opennlp,opennlp.tools.stemmer.snowball,romanianStemmer,12,0,15,3,591,142,0,2,0.2,1,2
opennlp,opennlp.tools.stemmer.snowball,russianStemmer,12,0,14,3,432,100,0,2,0.21428571428571427,1,2
opennlp,opennlp.tools.stemmer.snowball,SnowballProgram,7,0,33,2,319,92,1,0,0.09090909090909091,1,1
opennlp,opennlp.tools.stemmer.snowball,SnowballStemmer,2,0,3,3,84,25,0,0,0.6666666666666666,0,1
opennlp,opennlp.tools.stemmer.snowball,spanishStemmer,15,0,14,3,693,164,0,2,0.21428571428571427,1,2
opennlp,opennlp.tools.stemmer.snowball,swedishStemmer,8,0,8,3,219,42,0,2,0.375,1,2
opennlp,opennlp.tools.stemmer.snowball,turkishStemmer,35,0,44,3,2161,481,0,2,0.06818181818181818,1,2
opennlp,opennlp.tools.tokenize,AbstractTokenizer,1,0,2,2,13,2,3,1,1.0,0,1
opennlp,opennlp.tools.tokenize,DefaultTokenContextGenerator,1,0,5,3,102,18,0,1,0.4,0,1
opennlp,opennlp.tools.tokenize,DetokenizationDictionary,2,0,11,9,125,22,0,0,0.36363636363636365,2,2
opennlp,opennlp.tools.tokenize,Detokenizer,0,0,2,0,34,2,1,0,-1.0,12,0
opennlp,opennlp.tools.tokenize,DetokenizerEvaluator,2,0,3,2,36,3,0,0,0.0,0,5
opennlp,opennlp.tools.tokenize,DictionaryDetokenizer,1,0,3,3,81,17,0,1,0.0,0,2
opennlp,opennlp.tools.tokenize,SimpleTokenizer,6,1,5,2,71,14,0,2,0.6,5,3
opennlp,opennlp.tools.tokenize,CharacterEnum,5,0,2,1,13,2,0,0,0.0,2,1
opennlp,opennlp.tools.tokenize,TokenContextGenerator,0,0,1,0,11,1,1,0,-1.0,2,0
opennlp,opennlp.tools.tokenize,Tokenizer,0,0,2,0,17,2,2,0,-1.0,13,0
opennlp,opennlp.tools.tokenize,TokenizerCrossValidator,4,0,3,3,39,4,0,0,0.0,1,9
opennlp,opennlp.tools.tokenize,TokenizerEvaluationMonitor,0,0,0,0,5,0,0,0,-1.0,4,0
opennlp,opennlp.tools.tokenize,TokenizerEvaluator,2,0,3,2,30,3,0,0,0.0,2,5
opennlp,opennlp.tools.tokenize,TokenizerFactory,7,0,12,11,145,25,0,0,0.16666666666666666,6,4
opennlp,opennlp.tools.tokenize,TokenizerME,8,2,8,7,137,15,0,2,0.375,5,14
opennlp,opennlp.tools.tokenize,TokenizerModel,3,0,14,11,114,19,0,0,0.2857142857142857,9,6
opennlp,opennlp.tools.tokenize,TokenizerStream,2,0,4,4,30,5,0,0,0.0,0,3
opennlp,opennlp.tools.tokenize,TokenSample,5,1,11,8,133,24,0,0,0.0,20,4
opennlp,opennlp.tools.tokenize,TokenSampleStream,1,0,3,3,31,4,0,0,0.6666666666666666,0,2
opennlp,opennlp.tools.tokenize,TokSpanEventStream,4,0,4,3,97,16,0,0,0.0,0,6
opennlp,opennlp.tools.tokenize,WhitespaceTokenizer,1,1,3,1,44,9,0,2,0.6666666666666666,19,2
opennlp,opennlp.tools.tokenize,WhitespaceTokenStream,0,0,2,2,27,5,0,0,-1.0,0,2
opennlp,opennlp.tools.tokenize,WordpieceTokenizer,6,0,5,5,76,12,0,1,0.4,0,1
opennlp,opennlp.tools.tokenize.lang.en,TokenSampleStream,5,0,5,4,80,17,0,0,0.4,0,0
opennlp,opennlp.tools.tokenize.lang,Factory,9,1,2,2,51,10,0,0,1.0,2,0
opennlp,opennlp.tools.util,AbstractEventStream,2,0,5,4,43,8,0,1,0.0,0,1
opennlp,opennlp.tools.util,AbstractObjectStream,1,0,4,3,23,4,0,1,0.0,0,1
opennlp,opennlp.tools.util,BaseToolFactory,1,0,8,7,83,10,0,0,0.75,2,3
opennlp,opennlp.tools.util,BeamSearchContextGenerator,0,0,1,0,14,1,0,0,-1.0,2,0
opennlp,opennlp.tools.util,Cache,2,0,2,1,13,2,0,0,0.0,5,0
opennlp,opennlp.tools.util,CollectionObjectStream,2,0,4,4,20,4,0,1,0.5,0,0
opennlp,opennlp.tools.util,DownloadUtil,7,1,8,2,138,24,0,0,0.625,4,0
opennlp,opennlp.tools.util,DownloadParser,2,0,5,0,66,17,0,0,0.0,0,0
opennlp,opennlp.tools.util,EventTraceStream,1,0,2,2,20,3,0,2,0.0,0,2
opennlp,opennlp.tools.util,FilterObjectStream,1,0,3,2,21,3,2,1,0.0,0,1
opennlp,opennlp.tools.util,InputStreamFactory,0,0,1,0,10,1,1,0,-1.0,32,0
opennlp,opennlp.tools.util,InsufficientTrainingDataException,0,0,3,3,16,3,0,0,-1.0,0,0
opennlp,opennlp.tools.util,InvalidFormatException,0,0,3,3,16,3,0,0,-1.0,0,0
opennlp,opennlp.tools.util,MarkableFileInputStream,3,0,8,6,50,10,0,0,0.25,0,0
opennlp,opennlp.tools.util,MarkableFileInputStreamFactory,1,0,2,2,20,3,0,1,0.0,0,0
opennlp,opennlp.tools.util,MutableInt,1,0,3,3,24,3,0,0,0.0,1,0
opennlp,opennlp.tools.util,ObjectStream,0,0,3,0,26,3,5,0,-1.0,151,0
opennlp,opennlp.tools.util,ObjectStreamUtils,5,0,16,16,119,40,0,0,0.4375,1,1
opennlp,opennlp.tools.util,ParagraphStream,0,0,2,2,27,6,0,2,-1.0,0,1
opennlp,opennlp.tools.util,PlainTextByLineStream,3,0,5,5,39,6,0,1,0.0,0,1
opennlp,opennlp.tools.util,ResetableIterator,0,0,1,0,9,1,0,0,-1.0,0,0
opennlp,opennlp.tools.util,ReverseListIterator,2,0,4,4,20,4,0,0,0.5,0,0
opennlp,opennlp.tools.util,Sequence,4,0,16,16,129,19,0,0,0.0,2,1
opennlp,opennlp.tools.util,SequenceCodec,0,0,4,0,29,4,0,0,-1.0,9,1
opennlp,opennlp.tools.util,SequenceValidator,0,0,1,0,14,1,0,0,-1.0,6,0
opennlp,opennlp.tools.util,Span,5,0,24,24,272,45,0,0,0.08333333333333333,49,2
opennlp,opennlp.tools.util,StringList,2,0,12,12,109,23,0,0,0.16666666666666666,11,1
opennlp,opennlp.tools.util,StringUtil,1,0,11,10,241,44,0,0,0.7272727272727273,30,1
opennlp,opennlp.tools.util,TrainingParameters,8,7,38,36,417,55,0,0,0.23684210526315788,35,3
opennlp,opennlp.tools.util,Version,7,1,11,11,113,17,0,0,0.0,6,1
opennlp,opennlp.tools.util,XmlUtil,0,0,2,2,32,2,0,0,-1.0,8,0
opennlp,opennlp.tools.util.eval,CrossValidationPartitioner,15,0,16,12,165,26,0,0,0.125,8,3
opennlp,opennlp.tools.util.eval,TestSampleStream,5,0,5,3,40,7,0,0,0.4,2,1
opennlp,opennlp.tools.util.eval,TrainingSampleStream,6,0,6,4,62,12,0,0,0.0,1,2
opennlp,opennlp.tools.util.eval,EvaluationMonitor,0,0,2,0,4,2,0,0,-1.0,1,0
opennlp,opennlp.tools.util.eval,Evaluator,1,0,4,3,56,12,0,0,0.0,0,2
opennlp,opennlp.tools.util.eval,FMeasure,3,0,9,8,118,16,0,0,0.0,15,1
opennlp,opennlp.tools.util.eval,Mean,2,0,5,5,47,5,0,0,0.0,9,0
opennlp,opennlp.tools.util.ext,ExtensionLoader,0,0,2,1,54,4,0,0,-1.0,15,0
opennlp,opennlp.tools.util.ext,ExtensionNotLoadedException,0,0,2,2,11,2,0,0,-1.0,0,0
opennlp,opennlp.tools.util.ext,ExtensionServiceKeys,1,1,0,0,6,0,0,0,-1.0,0,0
opennlp,opennlp.tools.util.featuregen,AdaptiveFeatureGenerator,0,0,3,0,25,3,25,0,-1.0,14,0
opennlp,opennlp.tools.util.featuregen,AdditionalContextFeatureGenerator,1,0,2,2,17,4,0,1,0.0,2,0
opennlp,opennlp.tools.util.featuregen,AggregatedFeatureGenerator,1,0,6,6,52,10,0,1,0.0,0,1
opennlp,opennlp.tools.util.featuregen,AggregatedFeatureGeneratorFactory,0,0,2,2,17,4,0,1,-1.0,0,1
opennlp,opennlp.tools.util.featuregen,BigramNameFeatureGenerator,0,0,1,1,15,3,0,1,-1.0,0,1
opennlp,opennlp.tools.util.featuregen,BigramNameFeatureGeneratorFactory,0,0,2,2,8,2,0,1,-1.0,0,1
opennlp,opennlp.tools.util.featuregen,BrownBigramFeatureGenerator,1,0,2,2,28,6,0,1,0.0,0,2
opennlp,opennlp.tools.util.featuregen,BrownCluster,2,0,6,6,54,11,0,0,0.5,9,1
opennlp,opennlp.tools.util.featuregen,BrownClusterSerializer,0,0,2,2,8,2,0,0,-1.0,0,1
opennlp,opennlp.tools.util.featuregen,BrownClusterBigramFeatureGeneratorFactory,0,0,3,3,24,5,0,1,-1.0,0,2
opennlp,opennlp.tools.util.featuregen,BrownClusterTokenClassFeatureGeneratorFactory,0,0,3,3,24,5,0,1,-1.0,0,2
opennlp,opennlp.tools.util.featuregen,BrownClusterTokenFeatureGeneratorFactory,0,0,3,3,24,5,0,1,-1.0,0,2
opennlp,opennlp.tools.util.featuregen,BrownTokenClasses,1,1,1,1,28,4,0,0,0.0,3,1
opennlp,opennlp.tools.util.featuregen,BrownTokenClassFeatureGenerator,1,0,2,2,16,3,0,1,0.0,0,3
opennlp,opennlp.tools.util.featuregen,BrownTokenFeatureGenerator,1,0,2,2,15,3,0,1,0.0,0,2
opennlp,opennlp.tools.util.featuregen,CachedFeatureGenerator,5,0,9,9,62,11,0,1,0.0,0,2
opennlp,opennlp.tools.util.featuregen,CachedFeatureGeneratorFactory,0,0,2,2,15,3,0,1,-1.0,0,2
opennlp,opennlp.tools.util.featuregen,CharacterNgramFeatureGenerator,2,0,3,3,31,5,0,1,0.6666666666666666,0,2
opennlp,opennlp.tools.util.featuregen,CharacterNgramFeatureGeneratorFactory,0,0,2,2,11,2,0,1,-1.0,0,1
opennlp,opennlp.tools.util.featuregen,DefinitionFeatureGeneratorFactory,1,0,2,2,12,2,0,1,1.0,0,1
opennlp,opennlp.tools.util.featuregen,DictionaryFeatureGenerator,1,0,5,5,24,5,0,1,0.4,0,2
opennlp,opennlp.tools.util.featuregen,DictionaryFeatureGeneratorFactory,0,0,3,3,24,5,0,1,-1.0,0,1
opennlp,opennlp.tools.util.featuregen,DocumentBeginFeatureGenerator,1,0,2,2,14,4,0,1,0.0,0,0
opennlp,opennlp.tools.util.featuregen,DocumentBeginFeatureGeneratorFactory,0,0,2,2,8,2,0,1,-1.0,0,1
opennlp,opennlp.tools.util.featuregen,FeatureGeneratorResourceProvider,0,0,1,0,10,1,0,0,-1.0,2,0
opennlp,opennlp.tools.util.featuregen,FeatureGeneratorUtil,3,0,1,1,70,16,0,0,0.0,6,1
opennlp,opennlp.tools.util.featuregen,GeneratorFactory,3,0,24,18,391,78,22,0,0.125,28,5
opennlp,opennlp.tools.util.featuregen,AbstractXmlFeatureGeneratorFactory,3,0,16,15,205,51,0,0,0.1875,1,3
opennlp,opennlp.tools.util.featuregen,InSpanGenerator,4,0,2,2,31,5,0,1,0.0,1,2
opennlp,opennlp.tools.util.featuregen,OutcomePriorFeatureGenerator,1,0,1,1,9,1,0,1,0.0,0,0
opennlp,opennlp.tools.util.featuregen,PosTaggerFeatureGenerator,1,0,1,1,32,7,0,1,0.0,0,0
opennlp,opennlp.tools.util.featuregen,PosTaggerFeatureGeneratorFactory,0,0,2,2,8,2,0,1,-1.0,0,1
opennlp,opennlp.tools.util.featuregen,POSTaggerNameFeatureGenerator,3,0,3,3,29,4,0,1,0.0,0,2
opennlp,opennlp.tools.util.featuregen,POSTaggerNameFeatureGeneratorFactory,0,0,3,3,21,4,0,1,-1.0,0,2
opennlp,opennlp.tools.util.featuregen,PrefixFeatureGenerator,2,0,4,3,24,6,0,1,0.0,1,0
opennlp,opennlp.tools.util.featuregen,PrefixFeatureGeneratorFactory,0,0,2,2,11,2,0,1,-1.0,0,2
opennlp,opennlp.tools.util.featuregen,PreviousMapFeatureGenerator,1,0,3,3,20,4,0,1,0.0,0,0
opennlp,opennlp.tools.util.featuregen,PreviousMapFeatureGeneratorFactory,0,0,2,2,11,2,0,1,-1.0,0,1
opennlp,opennlp.tools.util.featuregen,PreviousTwoMapFeatureGenerator,1,0,3,3,22,5,0,1,0.0,0,0
opennlp,opennlp.tools.util.featuregen,SentenceFeatureGenerator,2,0,2,2,19,4,0,1,0.0,0,0
opennlp,opennlp.tools.util.featuregen,SentenceFeatureGeneratorFactory,0,0,2,2,12,2,0,1,-1.0,0,1
opennlp,opennlp.tools.util.featuregen,StringPattern,16,0,16,15,163,31,0,0,0.0,3,0
opennlp,opennlp.tools.util.featuregen,SuffixFeatureGenerator,2,0,4,3,24,6,0,1,0.0,1,0
opennlp,opennlp.tools.util.featuregen,SuffixFeatureGeneratorFactory,0,0,2,2,11,2,0,1,-1.0,0,2
opennlp,opennlp.tools.util.featuregen,TokenClassFeatureGenerator,3,0,3,3,21,4,0,1,0.6666666666666666,0,2
opennlp,opennlp.tools.util.featuregen,TokenClassFeatureGeneratorFactory,0,0,2,2,11,2,0,1,-1.0,0,1
opennlp,opennlp.tools.util.featuregen,TokenFeatureGenerator,2,0,3,3,28,4,0,1,0.6666666666666666,0,1
opennlp,opennlp.tools.util.featuregen,TokenFeatureGeneratorFactory,0,0,2,2,8,2,0,1,-1.0,0,1
opennlp,opennlp.tools.util.featuregen,TokenPatternFeatureGenerator,2,0,3,3,42,8,0,1,0.6666666666666666,0,4
opennlp,opennlp.tools.util.featuregen,TokenPatternFeatureGeneratorFactory,0,0,2,2,11,2,0,1,-1.0,0,1
opennlp,opennlp.tools.util.featuregen,TrigramNameFeatureGenerator,0,0,1,1,20,3,0,1,-1.0,0,1
opennlp,opennlp.tools.util.featuregen,TrigramNameFeatureGeneratorFactory,0,0,2,2,8,2,0,1,-1.0,0,1
opennlp,opennlp.tools.util.featuregen,WindowFeatureGenerator,5,2,8,8,74,14,0,1,0.25,0,1
opennlp,opennlp.tools.util.featuregen,WindowFeatureGeneratorFactory,0,0,2,2,15,3,0,1,-1.0,0,2
opennlp,opennlp.tools.util.featuregen,WordClusterDictionary,1,0,6,6,42,10,0,0,0.5,4,1
opennlp,opennlp.tools.util.featuregen,WordClusterDictionarySerializer,0,0,2,2,8,2,0,0,-1.0,0,1
opennlp,opennlp.tools.util.featuregen,WordClusterFeatureGenerator,3,0,2,2,22,4,0,1,0.0,0,2
opennlp,opennlp.tools.util.featuregen,WordClusterFeatureGeneratorFactory,0,0,3,3,25,5,0,1,-1.0,0,2
opennlp,opennlp.tools.util.model,ArtifactProvider,0,0,4,0,23,4,1,0,-1.0,1,0
opennlp,opennlp.tools.util.model,ArtifactSerializer,0,0,2,0,19,2,6,0,-1.0,2,0
opennlp,opennlp.tools.util.model,BaseModel,18,3,30,8,408,64,0,1,0.0,4,8
opennlp,opennlp.tools.util.model,ByteArraySerializer,0,0,2,2,11,2,0,1,-1.0,0,1
opennlp,opennlp.tools.util.model,ChunkerModelSerializer,0,0,2,2,16,3,0,1,-1.0,0,2
opennlp,opennlp.tools.util.model,DictionarySerializer,0,0,3,2,18,3,0,1,-1.0,1,1
opennlp,opennlp.tools.util.model,GenericModelSerializer,0,0,3,3,18,3,0,1,-1.0,1,2
opennlp,opennlp.tools.util.model,ModelUtil,0,0,7,6,84,11,0,0,-1.0,21,5
opennlp,opennlp.tools.util.model,POSModelSerializer,0,0,2,2,20,4,0,1,-1.0,0,3
opennlp,opennlp.tools.util.model,PropertiesSerializer,0,0,3,2,20,3,0,1,-1.0,1,0
opennlp,opennlp.tools.util.model,SerializableArtifact,0,0,1,0,10,1,0,0,-1.0,0,0
opennlp,opennlp.tools.util.model,UncloseableInputStream,0,0,2,2,13,2,0,0,-1.0,0,0
opennlp,opennlp.tools.util.normalizer,AggregateCharSequenceNormalizer,2,0,2,2,16,3,0,1,0.0,0,1
opennlp,opennlp.tools.util.normalizer,CharSequenceNormalizer,0,0,1,0,12,1,6,0,-1.0,2,0
opennlp,opennlp.tools.util.normalizer,EmojiCharSequenceNormalizer,3,0,2,2,14,2,0,1,1.0,2,1
opennlp,opennlp.tools.util.normalizer,NumberCharSequenceNormalizer,3,0,2,2,14,2,0,1,1.0,2,1
opennlp,opennlp.tools.util.normalizer,ShrinkCharSequenceNormalizer,4,0,2,2,16,2,0,1,1.0,2,1
opennlp,opennlp.tools.util.normalizer,TwitterCharSequenceNormalizer,6,0,2,2,21,2,0,1,1.0,2,1
opennlp,opennlp.tools.util.normalizer,UrlCharSequenceNormalizer,4,0,2,2,16,2,0,1,1.0,2,1
opennlp,opennlp.tools.util.wordvector,DoubleArrayVector,1,0,7,6,31,8,0,1,0.2857142857142857,0,0
opennlp,opennlp.tools.util.wordvector,FloatArrayVector,1,0,7,6,31,8,0,1,0.2857142857142857,0,0
opennlp,opennlp.tools.util.wordvector,Glove,0,0,2,1,35,6,0,0,-1.0,0,0
opennlp,opennlp.tools.util.wordvector,MapWordVectorTable,1,0,5,4,28,6,0,1,0.0,0,0
opennlp,opennlp.tools.util.wordvector,WordVector,0,0,6,0,11,6,2,0,-1.0,0,0
opennlp,opennlp.tools.util.wordvector,WordVectorTable,0,0,4,0,9,4,1,0,-1.0,0,0
