Project Name,Package Name,Type Name,Code Smell 
dubbo-compatible,com.alibaba.dubbo.cache,Cache,Unnecessary Abstraction
dubbo-compatible,com.alibaba.dubbo.cache.support,AbstractCacheFactory,Unutilized Abstraction
dubbo-compatible,com.alibaba.dubbo.common.compiler,Compiler,Unnecessary Abstraction
dubbo-compatible,com.alibaba.dubbo.common.compiler,Compiler,Unutilized Abstraction
dubbo-compatible,com.alibaba.dubbo.common,Constants,Deficient Encapsulation
dubbo-compatible,com.alibaba.dubbo.common,Constants,Broken Modularization
dubbo-compatible,com.alibaba.dubbo.common,DelegateURL,Unutilized Abstraction
dubbo-compatible,com.alibaba.dubbo.common,DelegateURL,Insufficient Modularization
dubbo-compatible,com.alibaba.dubbo.common,URL,Insufficient Modularization
dubbo-compatible,com.alibaba.dubbo.common.extension,ExtensionFactory,Unnecessary Abstraction
dubbo-compatible,com.alibaba.dubbo.common.extension,ExtensionFactory,Unutilized Abstraction
dubbo-compatible,com.alibaba.dubbo.common.logger,LoggerAdapter,Unnecessary Abstraction
dubbo-compatible,com.alibaba.dubbo.common.logger,LoggerAdapter,Unutilized Abstraction
dubbo-compatible,com.alibaba.dubbo.common.serialize,ObjectInput,Unnecessary Abstraction
dubbo-compatible,com.alibaba.dubbo.common.serialize,ObjectInput,Unutilized Abstraction
dubbo-compatible,com.alibaba.dubbo.common.serialize,ObjectOutput,Unnecessary Abstraction
dubbo-compatible,com.alibaba.dubbo.common.serialize,ObjectOutput,Unutilized Abstraction
dubbo-compatible,com.alibaba.dubbo.common.serialize,Serialization,Unutilized Abstraction
dubbo-compatible,com.alibaba.dubbo.common.store,DataStore,Unnecessary Abstraction
dubbo-compatible,com.alibaba.dubbo.common.store,DataStore,Unutilized Abstraction
dubbo-compatible,com.alibaba.dubbo.common.threadpool,ThreadPool,Unutilized Abstraction
dubbo-compatible,com.alibaba.dubbo.common.utils,UrlUtils,Unutilized Abstraction
dubbo-compatible,com.alibaba.dubbo.config,ArgumentConfig,Unnecessary Abstraction
dubbo-compatible,com.alibaba.dubbo.container,Container,Unnecessary Abstraction
dubbo-compatible,com.alibaba.dubbo.container,Container,Unutilized Abstraction
dubbo-compatible,com.alibaba.dubbo.container.page,MenuComparator,Unutilized Abstraction
dubbo-compatible,com.alibaba.dubbo.container.page,ResourceFilter,Unutilized Abstraction
dubbo-compatible,com.alibaba.dubbo.container.page.pages,HomePageHandler,Unutilized Abstraction
dubbo-compatible,com.alibaba.dubbo.container.page.pages,LogPageHandler,Unutilized Abstraction
dubbo-compatible,com.alibaba.dubbo.container.page.pages,StatusPageHandler,Unutilized Abstraction
dubbo-compatible,com.alibaba.dubbo.monitor,Monitor,Unutilized Abstraction
dubbo-compatible,com.alibaba.dubbo.monitor,MonitorFactory,Unutilized Abstraction
dubbo-compatible,com.alibaba.dubbo.qos.command,BaseCommand,Unutilized Abstraction
dubbo-compatible,com.alibaba.dubbo.registry,CompatibleNotifyListener,Unutilized Abstraction
dubbo-compatible,com.alibaba.dubbo.registry,ReverseCompatibleNotifyListener,Unutilized Abstraction
dubbo-compatible,com.alibaba.dubbo.registry,Registry,Unutilized Abstraction
dubbo-compatible,com.alibaba.dubbo.registry,RegistryFactory,Unutilized Abstraction
dubbo-compatible,com.alibaba.dubbo.registry.support,AbstractRegistry,Unutilized Abstraction
dubbo-compatible,com.alibaba.dubbo.registry.support,AbstractRegistryFactory,Unutilized Abstraction
dubbo-compatible,com.alibaba.dubbo.registry.support,FailbackRegistry,Cyclic-Dependent Modularization
dubbo-compatible,com.alibaba.dubbo.registry.support,FailbackRegistry,Insufficient Modularization
dubbo-compatible,com.alibaba.dubbo.registry.support,CompatibleFailbackRegistry,Cyclic-Dependent Modularization
dubbo-compatible,com.alibaba.dubbo.remoting,Codec,Unnecessary Abstraction
dubbo-compatible,com.alibaba.dubbo.remoting,Codec,Unutilized Abstraction
dubbo-compatible,com.alibaba.dubbo.remoting,Codec2,Unnecessary Abstraction
dubbo-compatible,com.alibaba.dubbo.remoting,Codec2,Unutilized Abstraction
dubbo-compatible,com.alibaba.dubbo.remoting,Dispatcher,Unutilized Abstraction
dubbo-compatible,com.alibaba.dubbo.remoting,RemotingException,Unutilized Abstraction
dubbo-compatible,com.alibaba.dubbo.remoting,Server,Unnecessary Abstraction
dubbo-compatible,com.alibaba.dubbo.remoting,Server,Unutilized Abstraction
dubbo-compatible,com.alibaba.dubbo.remoting,Transporter,Unutilized Abstraction
dubbo-compatible,com.alibaba.dubbo.remoting.exchange,Exchanger,Unnecessary Abstraction
dubbo-compatible,com.alibaba.dubbo.remoting.exchange,Exchanger,Unutilized Abstraction
dubbo-compatible,com.alibaba.dubbo.remoting.http,HttpBinder,Unnecessary Abstraction
dubbo-compatible,com.alibaba.dubbo.remoting.http,HttpBinder,Unutilized Abstraction
dubbo-compatible,com.alibaba.dubbo.remoting.telnet,TelnetHandler,Unutilized Abstraction
dubbo-compatible,com.alibaba.dubbo.remoting.zookeeper,ZookeeperTransporter,Unnecessary Abstraction
dubbo-compatible,com.alibaba.dubbo.remoting.zookeeper,ZookeeperTransporter,Unutilized Abstraction
dubbo-compatible,com.alibaba.dubbo.rpc.cluster,Cluster,Unutilized Abstraction
dubbo-compatible,com.alibaba.dubbo.rpc.cluster,Configurator,Unutilized Abstraction
dubbo-compatible,com.alibaba.dubbo.rpc.cluster,ConfiguratorFactory,Unutilized Abstraction
dubbo-compatible,com.alibaba.dubbo.rpc.cluster,LoadBalance,Unutilized Abstraction
dubbo-compatible,com.alibaba.dubbo.rpc.cluster,Merger,Unnecessary Abstraction
dubbo-compatible,com.alibaba.dubbo.rpc.cluster,Merger,Unutilized Abstraction
dubbo-compatible,com.alibaba.dubbo.rpc.cluster,RouterFactory,Unutilized Abstraction
dubbo-compatible,com.alibaba.dubbo.rpc.cluster,RuleConverter,Unutilized Abstraction
dubbo-compatible,com.alibaba.dubbo.rpc,Exporter,Unutilized Abstraction
dubbo-compatible,com.alibaba.dubbo.rpc,CompatibleExporter,Unutilized Abstraction
dubbo-compatible,com.alibaba.dubbo.rpc,Invocation,Cyclic-Dependent Modularization
dubbo-compatible,com.alibaba.dubbo.rpc,Invocation,Insufficient Modularization
dubbo-compatible,com.alibaba.dubbo.rpc,CompatibleInvocation,Unutilized Abstraction
dubbo-compatible,com.alibaba.dubbo.rpc,Invoker,Missing Hierarchy
dubbo-compatible,com.alibaba.dubbo.rpc,Invoker,Cyclic-Dependent Modularization
dubbo-compatible,com.alibaba.dubbo.rpc,CompatibleInvoker,Unutilized Abstraction
dubbo-compatible,com.alibaba.dubbo.rpc,InvokerListener,Unutilized Abstraction
dubbo-compatible,com.alibaba.dubbo.rpc,Protocol,Unutilized Abstraction
dubbo-compatible,com.alibaba.dubbo.rpc,ProxyFactory,Unutilized Abstraction
dubbo-compatible,com.alibaba.dubbo.rpc,Result,Insufficient Modularization
dubbo-compatible,com.alibaba.dubbo.rpc,CompatibleResult,Unutilized Abstraction
dubbo-compatible,com.alibaba.dubbo.rpc,CompatibleResult,Insufficient Modularization
dubbo-compatible,com.alibaba.dubbo.rpc,RpcContext,Insufficient Modularization
dubbo-compatible,com.alibaba.dubbo.rpc,RpcException,Unutilized Abstraction
dubbo-compatible,com.alibaba.dubbo.rpc,RpcInvocation,Unutilized Abstraction
dubbo-compatible,com.alibaba.dubbo.rpc,RpcInvocation,Insufficient Modularization
dubbo-compatible,com.alibaba.dubbo.rpc,RpcResult,Broken Hierarchy
dubbo-compatible,com.alibaba.dubbo.rpc.protocol.dubbo,FutureAdapter,Unutilized Abstraction
dubbo-compatible,com.alibaba.dubbo.rpc.protocol.rest.support,ContentType,Unnecessary Abstraction
dubbo-compatible,com.alibaba.dubbo.rpc.protocol.rest.support,ContentType,Unutilized Abstraction
dubbo-compatible,com.alibaba.dubbo.rpc.service,EchoService,Unnecessary Abstraction
dubbo-compatible,com.alibaba.dubbo.rpc.service,EchoService,Unutilized Abstraction
dubbo-compatible,com.alibaba.dubbo.rpc.service,GenericException,Unutilized Abstraction
dubbo-compatible,com.alibaba.dubbo.rpc.service,GenericService,Unutilized Abstraction
dubbo-compatible,com.alibaba.dubbo.rpc.support,RpcUtils,Unutilized Abstraction
dubbo-compatible,com.alibaba.dubbo.validation,Validation,Unnecessary Abstraction
dubbo-compatible,com.alibaba.dubbo.validation,Validation,Unutilized Abstraction
dubbo-compatible,com.alibaba.dubbo.validation,Validator,Unnecessary Abstraction
dubbo-compatible,com.alibaba.dubbo.validation,Validator,Unutilized Abstraction
dubbo-compatible,org.apache.dubbo.cache,CacheTest,Unutilized Abstraction
dubbo-compatible,org.apache.dubbo.cache,NullInvocation,Unutilized Abstraction
dubbo-compatible,org.apache.dubbo.cache,MyCache,Unutilized Abstraction
dubbo-compatible,org.apache.dubbo.cache,MyCacheFactory,Unutilized Abstraction
dubbo-compatible,org.apache.dubbo.common.extension.activate,ActivateExt1,Unutilized Abstraction
dubbo-compatible,org.apache.dubbo.common.extension.activate.impl,ActivateExt1Impl1,Unutilized Abstraction
dubbo-compatible,org.apache.dubbo.common.extension.activate.impl,OldActivateExt1Impl2,Unutilized Abstraction
dubbo-compatible,org.apache.dubbo.common.extension.activate.impl,OldActivateExt1Impl3,Unutilized Abstraction
dubbo-compatible,org.apache.dubbo.common.extension,ExtensionTest,Unutilized Abstraction
dubbo-compatible,org.apache.dubbo.common.extension,MockDispatcher,Unutilized Abstraction
dubbo-compatible,org.apache.dubbo.common.extension,MyExtensionFactory,Unutilized Abstraction
dubbo-compatible,org.apache.dubbo.common.extension,InjectObject,Unutilized Abstraction
dubbo-compatible,org.apache.dubbo.common.extension.support,ActivateComparatorTest,Unutilized Abstraction
dubbo-compatible,org.apache.dubbo.common.extension.support,Filter0,Unnecessary Abstraction
dubbo-compatible,org.apache.dubbo.common.extension.support,Filter0,Unutilized Abstraction
dubbo-compatible,org.apache.dubbo.common.extension.support,Filter1,Unnecessary Abstraction
dubbo-compatible,org.apache.dubbo.common.extension.support,Filter1,Unutilized Abstraction
dubbo-compatible,org.apache.dubbo.common.extension.support,Filter2,Unnecessary Abstraction
dubbo-compatible,org.apache.dubbo.common.extension.support,Filter2,Unutilized Abstraction
dubbo-compatible,org.apache.dubbo.common.extension.support,Filter3,Unnecessary Abstraction
dubbo-compatible,org.apache.dubbo.common.extension.support,Filter3,Unutilized Abstraction
dubbo-compatible,org.apache.dubbo.common.extension.support,Filter4,Unnecessary Abstraction
dubbo-compatible,org.apache.dubbo.common.extension.support,Filter4,Unutilized Abstraction
dubbo-compatible,org.apache.dubbo.common.extension.support,OldFilter0,Unnecessary Abstraction
dubbo-compatible,org.apache.dubbo.common.extension.support,OldFilter0,Unutilized Abstraction
dubbo-compatible,org.apache.dubbo.common.extension.support,OldFilter5,Unnecessary Abstraction
dubbo-compatible,org.apache.dubbo.common.extension.support,OldFilter5,Unutilized Abstraction
dubbo-compatible,org.apache.dubbo.common.extension.support,Order0Filter0,Unnecessary Abstraction
dubbo-compatible,org.apache.dubbo.common.extension.support,Order0Filter0,Unutilized Abstraction
dubbo-compatible,org.apache.dubbo.common.extension.support,Order0Filter1,Unnecessary Abstraction
dubbo-compatible,org.apache.dubbo.common.extension.support,Order0Filter1,Unutilized Abstraction
dubbo-compatible,org.apache.dubbo.common.extension.support,Order0Filter2,Unnecessary Abstraction
dubbo-compatible,org.apache.dubbo.common.extension.support,Order0Filter2,Unutilized Abstraction
dubbo-compatible,org.apache.dubbo.common.utils,AnnotationUtilsTest,Unutilized Abstraction
dubbo-compatible,org.apache.dubbo.common.utils,C,Unnecessary Abstraction
dubbo-compatible,org.apache.dubbo.config,ApplicationConfigTest,Unutilized Abstraction
dubbo-compatible,org.apache.dubbo.config,ArgumentConfigTest,Unutilized Abstraction
dubbo-compatible,org.apache.dubbo.config,ConfigTest,Unutilized Abstraction
dubbo-compatible,org.apache.dubbo.config,ConsumerConfigTest,Unutilized Abstraction
dubbo-compatible,org.apache.dubbo.config,MethodConfigTest,Unutilized Abstraction
dubbo-compatible,org.apache.dubbo.config,ModuleConfigTest,Unutilized Abstraction
dubbo-compatible,org.apache.dubbo.config,ProtocolConfigTest,Unutilized Abstraction
dubbo-compatible,org.apache.dubbo.config,ProviderConfigTest,Unutilized Abstraction
dubbo-compatible,org.apache.dubbo.config,ReferenceConfigTest,Unutilized Abstraction
dubbo-compatible,org.apache.dubbo.config,RegistryConfigTest,Unutilized Abstraction
dubbo-compatible,org.apache.dubbo.config,SignatureTest,Unutilized Abstraction
dubbo-compatible,org.apache.dubbo.config.spring.api,Box,Unutilized Abstraction
dubbo-compatible,org.apache.dubbo.config.spring.api,HelloService,Unutilized Abstraction
dubbo-compatible,org.apache.dubbo.config.spring.beans.factory.annotation,ServiceAnnotationTestConfiguration,Unutilized Abstraction
dubbo-compatible,org.apache.dubbo.config.spring.context.annotation.consumer,Ancestor,Unutilized Abstraction
dubbo-compatible,org.apache.dubbo.config.spring.context.annotation.consumer,Parent,Unutilized Abstraction
dubbo-compatible,org.apache.dubbo.config.spring.context.annotation.consumer,Parent,Broken Hierarchy
dubbo-compatible,org.apache.dubbo.config.spring.context.annotation.consumer,Child,Unutilized Abstraction
dubbo-compatible,org.apache.dubbo.config.spring.context.annotation.consumer,Child,Broken Hierarchy
dubbo-compatible,org.apache.dubbo.config.spring.context.annotation.consumer.test,Ancestor,Unutilized Abstraction
dubbo-compatible,org.apache.dubbo.config.spring.context.annotation.consumer.test,Parent,Unutilized Abstraction
dubbo-compatible,org.apache.dubbo.config.spring.context.annotation.consumer.test,Parent,Broken Hierarchy
dubbo-compatible,org.apache.dubbo.config.spring.context.annotation.consumer.test,Child,Unutilized Abstraction
dubbo-compatible,org.apache.dubbo.config.spring.context.annotation.consumer.test,Child,Broken Hierarchy
dubbo-compatible,org.apache.dubbo.config.spring.context.annotation,DubboComponentScanRegistrarTest,Unutilized Abstraction
dubbo-compatible,org.apache.dubbo.config.spring.context.annotation,DubboConfigConfigurationTest,Unutilized Abstraction
dubbo-compatible,org.apache.dubbo.config.spring.context.annotation,EnableDubboConfigTest,Unutilized Abstraction
dubbo-compatible,org.apache.dubbo.config.spring.context.annotation,TestMultipleConfig,Unnecessary Abstraction
dubbo-compatible,org.apache.dubbo.config.spring.context.annotation,TestConfig,Unnecessary Abstraction
dubbo-compatible,org.apache.dubbo.config.spring.context.annotation,EnableDubboTest,Unutilized Abstraction
dubbo-compatible,org.apache.dubbo.config.spring.context.annotation.provider,DefaultHelloService,Unutilized Abstraction
dubbo-compatible,org.apache.dubbo.config.spring.context.annotation.provider,HelloServiceImpl,Unutilized Abstraction
dubbo-compatible,org.apache.dubbo.config.spring.filter,MockDao,Unnecessary Abstraction
dubbo-compatible,org.apache.dubbo.config.spring.filter,MockDaoImpl,Unnecessary Abstraction
dubbo-compatible,org.apache.dubbo.config.spring.filter,MockDaoImpl,Unutilized Abstraction
dubbo-compatible,org.apache.dubbo.config.spring.filter,MockFilter,Unutilized Abstraction
dubbo-compatible,org.apache.dubbo.echo,EchoServiceTest,Unutilized Abstraction
dubbo-compatible,org.apache.dubbo.filter,FilterTest,Unutilized Abstraction
dubbo-compatible,org.apache.dubbo.filter,LegacyInvocation,Unutilized Abstraction
dubbo-compatible,org.apache.dubbo.filter,LegacyInvoker,Unutilized Abstraction
dubbo-compatible,org.apache.dubbo.filter,MyFilter,Deficient Encapsulation
dubbo-compatible,org.apache.dubbo.generic,GenericServiceTest,Unutilized Abstraction
dubbo-compatible,org.apache.dubbo.metadata.annotation.processing,AnnotationProcessingTestProcessor,Unutilized Abstraction
dubbo-compatible,org.apache.dubbo.metadata.annotation.processing,CompilerInvocationInterceptor,Unutilized Abstraction
dubbo-compatible,org.apache.dubbo.metadata.annotation.processing.builder,ArrayTypeDefinitionBuilderTest,Unutilized Abstraction
dubbo-compatible,org.apache.dubbo.metadata.annotation.processing.builder,CollectionTypeDefinitionBuilderTest,Unutilized Abstraction
dubbo-compatible,org.apache.dubbo.metadata.annotation.processing.builder,EnumTypeDefinitionBuilderTest,Unutilized Abstraction
dubbo-compatible,org.apache.dubbo.metadata.annotation.processing.builder,GeneralTypeDefinitionBuilderTest,Unutilized Abstraction
dubbo-compatible,org.apache.dubbo.metadata.annotation.processing.builder,MapTypeDefinitionBuilderTest,Unutilized Abstraction
dubbo-compatible,org.apache.dubbo.metadata.annotation.processing.builder,SimpleTypeDefinitionBuilderTest,Unutilized Abstraction
dubbo-compatible,org.apache.dubbo.metadata.annotation.processing.model,ArrayTypeModel,Unnecessary Abstraction
dubbo-compatible,org.apache.dubbo.metadata.annotation.processing.model,ArrayTypeModel,Broken Modularization
dubbo-compatible,org.apache.dubbo.metadata.annotation.processing.model,CollectionTypeModel,Unnecessary Abstraction
dubbo-compatible,org.apache.dubbo.metadata.annotation.processing.model,CollectionTypeModel,Broken Modularization
dubbo-compatible,org.apache.dubbo.metadata.annotation.processing.model,MapTypeModel,Unnecessary Abstraction
dubbo-compatible,org.apache.dubbo.metadata.annotation.processing.model,MapTypeModel,Broken Modularization
dubbo-compatible,org.apache.dubbo.metadata.annotation.processing.model,PrimitiveTypeModel,Multifaceted Abstraction
dubbo-compatible,org.apache.dubbo.metadata.annotation.processing.model,SimpleTypeModel,Insufficient Modularization
dubbo-compatible,org.apache.dubbo.metadata.annotation.processing.rest,AnnotatedMethodParameterProcessorTest,Unutilized Abstraction
dubbo-compatible,org.apache.dubbo.metadata.annotation.processing.util,AnnotationUtilsTest,Unutilized Abstraction
dubbo-compatible,org.apache.dubbo.metadata.annotation.processing.util,FieldUtilsTest,Unutilized Abstraction
dubbo-compatible,org.apache.dubbo.metadata.annotation.processing.util,LoggerUtilsTest,Unutilized Abstraction
dubbo-compatible,org.apache.dubbo.metadata.annotation.processing.util,MemberUtilsTest,Unutilized Abstraction
dubbo-compatible,org.apache.dubbo.metadata.annotation.processing.util,MethodUtilsTest,Unutilized Abstraction
dubbo-compatible,org.apache.dubbo.metadata.annotation.processing.util,ServiceAnnotationUtilsTest,Unutilized Abstraction
dubbo-compatible,org.apache.dubbo.metadata.annotation.processing.util,TypeUtilsTest,Unutilized Abstraction
dubbo-compatible,org.apache.dubbo.metadata.tools,Ancestor,Unutilized Abstraction
dubbo-compatible,org.apache.dubbo.metadata.tools,CompilerTest,Unutilized Abstraction
dubbo-compatible,org.apache.dubbo.metadata.tools,DefaultRestServiceTest,Unutilized Abstraction
dubbo-compatible,org.apache.dubbo.metadata.tools,GenericTestService,Multipath Hierarchy
dubbo-compatible,org.apache.dubbo.metadata.tools,Parent,Unutilized Abstraction
dubbo-compatible,org.apache.dubbo.metadata.tools,Parent,Broken Hierarchy
dubbo-compatible,org.apache.dubbo.metadata.tools,RestServiceTest,Unutilized Abstraction
dubbo-compatible,org.apache.dubbo.metadata.tools,SpringRestServiceTest,Unutilized Abstraction
dubbo-compatible,org.apache.dubbo.metadata.tools,StandardRestServiceTest,Unutilized Abstraction
dubbo-compatible,org.apache.dubbo.metadata.tools,TestProcessor,Unutilized Abstraction
dubbo-compatible,org.apache.dubbo.metadata.tools,TestServiceImpl,Multipath Hierarchy
dubbo-compatible,org.apache.dubbo.rpc.cluster,RouterTest,Unutilized Abstraction
dubbo-compatible,org.apache.dubbo.rpc.filter,GenericImplFilterTest,Unutilized Abstraction
dubbo-compatible,org.apache.dubbo.rpc,RpcContextTest,Unutilized Abstraction
dubbo-compatible,org.apache.dubbo.serialization,SerializationTest,Unutilized Abstraction
dubbo-compatible,org.apache.dubbo.service,ComplexObject,Insufficient Modularization
dubbo-compatible,org.apache.dubbo.service,DemoServiceImpl,Unutilized Abstraction
dubbo-compatible,org.apache.dubbo.service,MockInvocation,Unutilized Abstraction
dubbo-compatible,org.apache.dubbo.service,MockInvocation,Insufficient Modularization
