Project Name,Package Name,Type Name,Code Smell 
AndroidUtilCode,com.blankj.mock.subutil,SubUtilApiMock,Unutilized Abstraction
AndroidUtilCode,com.blankj.mock.utilcode,UtilCodeApiMock,Unutilized Abstraction
AndroidUtilCode,com.blankj.subutil.export.api,SubUtilApi,Unutilized Abstraction
AndroidUtilCode,com.blankj.subutil.pkg,SubUtilApiImpl,Unutilized Abstraction
AndroidUtilCode,com.blankj.utilcode.export.api,UtilCodeApi,Unutilized Abstraction
AndroidUtilCode,com.blankj.utilcode.pkg.feature.api.other.export,OtherModuleApi,Unutilized Abstraction
AndroidUtilCode,com.blankj.utilcode.pkg.feature.api.other.export,OtherModuleApi,Deficient Encapsulation
AndroidUtilCode,com.blankj.utilcode.pkg.feature.api.other.export,ApiBean,Deficient Encapsulation
AndroidUtilCode,com.blankj.utilcode.pkg.feature.api.other.pkg,OtherPkgApiImpl,Unutilized Abstraction
AndroidUtilCode,com.blankj.utilcode.pkg.feature.mvp,Presenter,Unutilized Abstraction
AndroidUtilCode,com.blankj.utilcode.pkg.feature.mvp,Model,Unutilized Abstraction
AndroidUtilCode,com.blankj.utilcode.pkg.feature.mvp,MvpPresenter,Cyclic-Dependent Modularization
AndroidUtilCode,com.blankj.utilcode.pkg.feature.mvp,MvpView,Cyclic-Dependent Modularization
AndroidUtilCode,com.blankj.utilcode.pkg.feature.reflect,TestPrivateStaticFinal,Unnecessary Abstraction
AndroidUtilCode,com.blankj.utilcode.pkg.feature.reflect,TestPrivateStaticFinal,Unutilized Abstraction
AndroidUtilCode,com.blankj.utilcode.pkg.feature.reflect,TestPrivateStaticFinal,Deficient Encapsulation
AndroidUtilCode,com.blankj.utilcode.pkg,UtilCodeApiImpl,Unutilized Abstraction
AndroidUtilCode,com.blankj.base,BaseActivity,Unutilized Abstraction
AndroidUtilCode,com.blankj.base,BaseActivity,Deficient Encapsulation
AndroidUtilCode,com.blankj.base,BaseFragment,Unutilized Abstraction
AndroidUtilCode,com.blankj.base,IBaseView,Unutilized Abstraction
AndroidUtilCode,com.blankj.base.dialog,BaseDialogFragment,Cyclic-Dependent Modularization
AndroidUtilCode,com.blankj.base.dialog,DialogLayoutCallback,Cyclic-Dependent Modularization
AndroidUtilCode,com.blankj.base.mvp,BaseModel,Cyclic-Dependent Modularization
AndroidUtilCode,com.blankj.base.mvp,BasePresenter,Cyclic-Dependent Modularization
AndroidUtilCode,com.blankj.base.mvp,BaseView,Deficient Encapsulation
AndroidUtilCode,com.blankj.base.mvp,BaseView,Cyclic-Dependent Modularization
AndroidUtilCode,com.blankj.base.rv,BaseItem,Unutilized Abstraction
AndroidUtilCode,com.blankj.base.rv,BaseItem,Deficient Encapsulation
AndroidUtilCode,com.blankj.base.rv,BaseItem,Insufficient Modularization
AndroidUtilCode,com.blankj.base.rv,BaseItemAdapter,Deficient Encapsulation
AndroidUtilCode,com.blankj.base.rv,BaseItemAdapter,Insufficient Modularization
AndroidUtilCode,com.blankj.base.rv,RecycleViewDivider,Deficient Encapsulation
AndroidUtilCode,com.blankj.base.view,EmptyGoneTextView,Unutilized Abstraction
AndroidUtilCode,com.blankj.common.activity,CommonActivity,Unutilized Abstraction
AndroidUtilCode,com.blankj.common.activity,CommonActivity,Deficient Encapsulation
AndroidUtilCode,com.blankj.common.activity,CommonActivity,Insufficient Modularization
AndroidUtilCode,com.blankj.common.activity,CommonActivityDrawerView,Deficient Encapsulation
AndroidUtilCode,com.blankj.common.activity,CommonActivityItemsView,Deficient Encapsulation
AndroidUtilCode,com.blankj.common.activity,CommonActivityTitleView,Deficient Encapsulation
AndroidUtilCode,com.blankj.common,CommonApplication,Unutilized Abstraction
AndroidUtilCode,com.blankj.common.dialog,CommonDialogContent,Multifaceted Abstraction
AndroidUtilCode,com.blankj.common.dialog,CommonDialogContent,Unutilized Abstraction
AndroidUtilCode,com.blankj.common.fragment,CommonFragment,Unutilized Abstraction
AndroidUtilCode,com.blankj.common.item,CommonItem,Unutilized Abstraction
AndroidUtilCode,com.blankj.common.item,CommonItemClick,Unutilized Abstraction
AndroidUtilCode,com.blankj.common.item,CommonItemClick,Insufficient Modularization
AndroidUtilCode,com.blankj.common.item,CommonItemImage,Unutilized Abstraction
AndroidUtilCode,com.blankj.common.item,CommonItemSeekBar,Unutilized Abstraction
AndroidUtilCode,com.blankj.common.item,CommonItemSwitch,Unutilized Abstraction
AndroidUtilCode,com.blankj.common.item,CommonItemTitle,Unutilized Abstraction
AndroidUtilCode,com.blankj.common.view,RotateView,Unutilized Abstraction
AndroidUtilCode,com.blankj.subutil.util,BatteryChangedReceiver,Cyclic-Dependent Modularization
AndroidUtilCode,com.blankj.subutil.util,LazyHolder,Unnecessary Abstraction
AndroidUtilCode,com.blankj.subutil.util,LazyHolder,Cyclic-Dependent Modularization
AndroidUtilCode,com.blankj.subutil.util,CameraUtils,Unnecessary Abstraction
AndroidUtilCode,com.blankj.subutil.util,CameraUtils,Unutilized Abstraction
AndroidUtilCode,com.blankj.subutil.util,LunarUtils,Deficient Encapsulation
AndroidUtilCode,com.blankj.subutil.util,Lunar,Deficient Encapsulation
AndroidUtilCode,com.blankj.subutil.util,Solar,Deficient Encapsulation
AndroidUtilCode,com.blankj.subutil.util,RetrofitUtils,Unnecessary Abstraction
AndroidUtilCode,com.blankj.subutil.util,RetrofitUtils,Unutilized Abstraction
AndroidUtilCode,com.blankj.subutil.util,ContentProvider4SubUtil,Unutilized Abstraction
AndroidUtilCode,com.blankj.subutil.util,BaseTest,Unutilized Abstraction
AndroidUtilCode,com.blankj.subutil.util,LunarUtilsTest,Unutilized Abstraction
AndroidUtilCode,com.blankj.subutil.util,TemperatureUtilsTest,Unutilized Abstraction
AndroidUtilCode,com.blankj.subutil.util,TestConfig,Unnecessary Abstraction
AndroidUtilCode,com.blankj.subutil.util,TestConfig,Unutilized Abstraction
AndroidUtilCode,com.blankj.subutil.util,TestConfig,Deficient Encapsulation
AndroidUtilCode,com.blankj.subutil.util.http,Chain,Unnecessary Abstraction
AndroidUtilCode,com.blankj.subutil.util.http,ExecutorFactory,Unutilized Abstraction
AndroidUtilCode,com.blankj.subutil.util.http,Headers,Unnecessary Abstraction
AndroidUtilCode,com.blankj.subutil.util.http,Headers,Unutilized Abstraction
AndroidUtilCode,com.blankj.subutil.util.http,HttpUtils,Cyclic-Dependent Modularization
AndroidUtilCode,com.blankj.subutil.util.http,Config,Broken Modularization
AndroidUtilCode,com.blankj.subutil.util.http,Call,Unutilized Abstraction
AndroidUtilCode,com.blankj.subutil.util.http,Interceptor,Unutilized Abstraction
AndroidUtilCode,com.blankj.subutil.util.http,Request,Cyclic-Dependent Modularization
AndroidUtilCode,com.blankj.subutil.util.http,Body,Cyclic-Dependent Modularization
AndroidUtilCode,com.blankj.subutil.util.http,Response,Cyclic-Dependent Modularization
AndroidUtilCode,com.blankj.subutil.util.http,ResponseCallback,Cyclic-Dependent Modularization
AndroidUtilCode,com.blankj.subutil.util.http,SSLConfig,Deficient Encapsulation
AndroidUtilCode,com.blankj.subutil.util.http,SSLConfig,Insufficient Modularization
AndroidUtilCode,com.blankj.subutil.util.http,DefaultSSLSocketFactory,Unutilized Abstraction
AndroidUtilCode,com.blankj.subutil.util.http,HttpUtilsTest,Unnecessary Abstraction
AndroidUtilCode,com.blankj.subutil.util.http,HttpUtilsTest,Unutilized Abstraction
AndroidUtilCode,com.blankj.subutil.util.http,UserBean,Unutilized Abstraction
AndroidUtilCode,com.blankj.utilcode.constant,CacheConstants,Unnecessary Abstraction
AndroidUtilCode,com.blankj.utilcode.constant,CacheConstants,Unutilized Abstraction
AndroidUtilCode,com.blankj.utilcode.constant,MemoryConstants,Unnecessary Abstraction
AndroidUtilCode,com.blankj.utilcode.constant,MemoryConstants,Deficient Encapsulation
AndroidUtilCode,com.blankj.utilcode.constant,PermissionConstants,Deficient Encapsulation
AndroidUtilCode,com.blankj.utilcode.constant,RegexConstants,Deficient Encapsulation
AndroidUtilCode,com.blankj.utilcode.constant,RegexConstants,Broken Modularization
AndroidUtilCode,com.blankj.utilcode.constant,TimeConstants,Unnecessary Abstraction
AndroidUtilCode,com.blankj.utilcode.constant,TimeConstants,Deficient Encapsulation
AndroidUtilCode,com.blankj.utilcode.constant,TimeConstants,Broken Modularization
AndroidUtilCode,com.blankj.utilcode.util,ActivityUtils,Cyclic-Dependent Modularization
AndroidUtilCode,com.blankj.utilcode.util,ActivityUtils,Insufficient Modularization
AndroidUtilCode,com.blankj.utilcode.util,AdaptScreenUtils,Cyclic-Dependent Modularization
AndroidUtilCode,com.blankj.utilcode.util,ApiUtils,Cyclic-Dependent Modularization
AndroidUtilCode,com.blankj.utilcode.util,LazyHolder,Unnecessary Abstraction
AndroidUtilCode,com.blankj.utilcode.util,LazyHolder,Cyclic-Dependent Modularization
AndroidUtilCode,com.blankj.utilcode.util,BaseApi,Unnecessary Abstraction
AndroidUtilCode,com.blankj.utilcode.util,AppUtils,Cyclic-Dependent Modularization
AndroidUtilCode,com.blankj.utilcode.util,AppUtils,Insufficient Modularization
AndroidUtilCode,com.blankj.utilcode.util,AppInfo,Insufficient Modularization
AndroidUtilCode,com.blankj.utilcode.util,ArrayUtils,Deficient Encapsulation
AndroidUtilCode,com.blankj.utilcode.util,ArrayUtils,Insufficient Modularization
AndroidUtilCode,com.blankj.utilcode.util,BarUtils,Cyclic-Dependent Modularization
AndroidUtilCode,com.blankj.utilcode.util,BarUtils,Insufficient Modularization
AndroidUtilCode,com.blankj.utilcode.util,BusUtils,Insufficient Modularization
AndroidUtilCode,com.blankj.utilcode.util,LazyHolder,Unnecessary Abstraction
AndroidUtilCode,com.blankj.utilcode.util,LazyHolder,Unutilized Abstraction
AndroidUtilCode,com.blankj.utilcode.util,CacheDiskStaticUtils,Insufficient Modularization
AndroidUtilCode,com.blankj.utilcode.util,CacheDiskUtils,Insufficient Modularization
AndroidUtilCode,com.blankj.utilcode.util,CacheDoubleStaticUtils,Insufficient Modularization
AndroidUtilCode,com.blankj.utilcode.util,CacheDoubleUtils,Insufficient Modularization
AndroidUtilCode,com.blankj.utilcode.util,CleanUtils,Unutilized Abstraction
AndroidUtilCode,com.blankj.utilcode.util,ClickUtils,Insufficient Modularization
AndroidUtilCode,com.blankj.utilcode.util,OnMultiClickListener,Unutilized Abstraction
AndroidUtilCode,com.blankj.utilcode.util,LazyHolder,Unnecessary Abstraction
AndroidUtilCode,com.blankj.utilcode.util,LazyHolder,Unutilized Abstraction
AndroidUtilCode,com.blankj.utilcode.util,ClipboardUtils,Unutilized Abstraction
AndroidUtilCode,com.blankj.utilcode.util,CloseUtils,Unutilized Abstraction
AndroidUtilCode,com.blankj.utilcode.util,CollectionUtils,Insufficient Modularization
AndroidUtilCode,com.blankj.utilcode.util,Closure,Unutilized Abstraction
AndroidUtilCode,com.blankj.utilcode.util,ConvertUtils,Cyclic-Dependent Modularization
AndroidUtilCode,com.blankj.utilcode.util,ConvertUtils,Insufficient Modularization
AndroidUtilCode,com.blankj.utilcode.util,DeviceUtils,Insufficient Modularization
AndroidUtilCode,com.blankj.utilcode.util,EncryptUtils,Cyclic-Dependent Modularization
AndroidUtilCode,com.blankj.utilcode.util,EncryptUtils,Insufficient Modularization
AndroidUtilCode,com.blankj.utilcode.util,FileIOUtils,Cyclic-Dependent Modularization
AndroidUtilCode,com.blankj.utilcode.util,FileIOUtils,Insufficient Modularization
AndroidUtilCode,com.blankj.utilcode.util,FileUtils,Cyclic-Dependent Modularization
AndroidUtilCode,com.blankj.utilcode.util,FileUtils,Insufficient Modularization
AndroidUtilCode,com.blankj.utilcode.util,FragmentUtils,Insufficient Modularization
AndroidUtilCode,com.blankj.utilcode.util,FragmentNode,Unutilized Abstraction
AndroidUtilCode,com.blankj.utilcode.util,OnBackClickListener,Unutilized Abstraction
AndroidUtilCode,com.blankj.utilcode.util,GsonUtils,Insufficient Modularization
AndroidUtilCode,com.blankj.utilcode.util,ImageUtils,Cyclic-Dependent Modularization
AndroidUtilCode,com.blankj.utilcode.util,ImageUtils,Insufficient Modularization
AndroidUtilCode,com.blankj.utilcode.util,IntentUtils,Cyclic-Dependent Modularization
AndroidUtilCode,com.blankj.utilcode.util,IntentUtils,Insufficient Modularization
AndroidUtilCode,com.blankj.utilcode.util,JsonUtils,Insufficient Modularization
AndroidUtilCode,com.blankj.utilcode.util,KeyboardUtils,Cyclic-Dependent Modularization
AndroidUtilCode,com.blankj.utilcode.util,KeyboardUtils,Insufficient Modularization
AndroidUtilCode,com.blankj.utilcode.util,LanguageUtils,Cyclic-Dependent Modularization
AndroidUtilCode,com.blankj.utilcode.util,LogUtils,Deficient Encapsulation
AndroidUtilCode,com.blankj.utilcode.util,LogUtils,Cyclic-Dependent Modularization
AndroidUtilCode,com.blankj.utilcode.util,LogUtils,Insufficient Modularization
AndroidUtilCode,com.blankj.utilcode.util,Config,Cyclic-Dependent Modularization
AndroidUtilCode,com.blankj.utilcode.util,Config,Insufficient Modularization
AndroidUtilCode,com.blankj.utilcode.util,LogFormatter,Cyclic-Dependent Modularization
AndroidUtilCode,com.blankj.utilcode.util,Closure,Unutilized Abstraction
AndroidUtilCode,com.blankj.utilcode.util,Transformer,Unutilized Abstraction
AndroidUtilCode,com.blankj.utilcode.util,MessengerUtils,Cyclic-Dependent Modularization
AndroidUtilCode,com.blankj.utilcode.util,Client,Cyclic-Dependent Modularization
AndroidUtilCode,com.blankj.utilcode.util,NetworkUtils,Cyclic-Dependent Modularization
AndroidUtilCode,com.blankj.utilcode.util,NetworkUtils,Insufficient Modularization
AndroidUtilCode,com.blankj.utilcode.util,NetworkChangedReceiver,Cyclic-Dependent Modularization
AndroidUtilCode,com.blankj.utilcode.util,LazyHolder,Unnecessary Abstraction
AndroidUtilCode,com.blankj.utilcode.util,LazyHolder,Unutilized Abstraction
AndroidUtilCode,com.blankj.utilcode.util,NotificationUtils,Deficient Encapsulation
AndroidUtilCode,com.blankj.utilcode.util,NotificationUtils,Cyclic-Dependent Modularization
AndroidUtilCode,com.blankj.utilcode.util,NotificationUtils,Insufficient Modularization
AndroidUtilCode,com.blankj.utilcode.util,ChannelConfig,Deficient Encapsulation
AndroidUtilCode,com.blankj.utilcode.util,ObjectUtils,Insufficient Modularization
AndroidUtilCode,com.blankj.utilcode.util,PathUtils,Insufficient Modularization
AndroidUtilCode,com.blankj.utilcode.util,PermissionUtils,Cyclic-Dependent Modularization
AndroidUtilCode,com.blankj.utilcode.util,PermissionUtils,Insufficient Modularization
AndroidUtilCode,com.blankj.utilcode.util,PermissionActivityImpl,Cyclic-Dependent Modularization
AndroidUtilCode,com.blankj.utilcode.util,OnExplainListener,Cyclic-Dependent Modularization
AndroidUtilCode,com.blankj.utilcode.util,OnRationaleListener,Cyclic-Dependent Modularization
AndroidUtilCode,com.blankj.utilcode.util,ShouldRequest,Unutilized Abstraction
AndroidUtilCode,com.blankj.utilcode.util,ProcessUtils,Cyclic-Dependent Modularization
AndroidUtilCode,com.blankj.utilcode.util,ReflectUtils,Insufficient Modularization
AndroidUtilCode,com.blankj.utilcode.util,NULL,Unnecessary Abstraction
AndroidUtilCode,com.blankj.utilcode.util,NULL,Unutilized Abstraction
AndroidUtilCode,com.blankj.utilcode.util,ReflectException,Unutilized Abstraction
AndroidUtilCode,com.blankj.utilcode.util,RegexUtils,Insufficient Modularization
AndroidUtilCode,com.blankj.utilcode.util,ResourceUtils,Insufficient Modularization
AndroidUtilCode,com.blankj.utilcode.util,RomUtils,Insufficient Modularization
AndroidUtilCode,com.blankj.utilcode.util,ScreenUtils,Cyclic-Dependent Modularization
AndroidUtilCode,com.blankj.utilcode.util,ScreenUtils,Insufficient Modularization
AndroidUtilCode,com.blankj.utilcode.util,SDCardUtils,Cyclic-Dependent Modularization
AndroidUtilCode,com.blankj.utilcode.util,SDCardInfo,Unutilized Abstraction
AndroidUtilCode,com.blankj.utilcode.util,ServiceUtils,Cyclic-Dependent Modularization
AndroidUtilCode,com.blankj.utilcode.util,ShadowUtils,Insufficient Modularization
AndroidUtilCode,com.blankj.utilcode.util,Config,Unutilized Abstraction
AndroidUtilCode,com.blankj.utilcode.util,ShadowDrawable,Unutilized Abstraction
AndroidUtilCode,com.blankj.utilcode.util,DrawableWrapper,Unutilized Abstraction
AndroidUtilCode,com.blankj.utilcode.util,DrawableWrapper,Insufficient Modularization
AndroidUtilCode,com.blankj.utilcode.util,ShellUtils,Deficient Encapsulation
AndroidUtilCode,com.blankj.utilcode.util,ShellUtils,Cyclic-Dependent Modularization
AndroidUtilCode,com.blankj.utilcode.util,ShellUtils,Insufficient Modularization
AndroidUtilCode,com.blankj.utilcode.util,CommandResult,Unutilized Abstraction
AndroidUtilCode,com.blankj.utilcode.util,CommandResult,Deficient Encapsulation
AndroidUtilCode,com.blankj.utilcode.util,SnackbarUtils,Deficient Encapsulation
AndroidUtilCode,com.blankj.utilcode.util,SnackbarUtils,Insufficient Modularization
AndroidUtilCode,com.blankj.utilcode.util,SpanUtils,Deficient Encapsulation
AndroidUtilCode,com.blankj.utilcode.util,SpanUtils,Insufficient Modularization
AndroidUtilCode,com.blankj.utilcode.util,VerticalAlignSpan,Unutilized Abstraction
AndroidUtilCode,com.blankj.utilcode.util,CustomLineHeightSpan,Unutilized Abstraction
AndroidUtilCode,com.blankj.utilcode.util,SpaceSpan,Unutilized Abstraction
AndroidUtilCode,com.blankj.utilcode.util,CustomQuoteSpan,Unutilized Abstraction
AndroidUtilCode,com.blankj.utilcode.util,CustomBulletSpan,Unutilized Abstraction
AndroidUtilCode,com.blankj.utilcode.util,CustomTypefaceSpan,Unutilized Abstraction
AndroidUtilCode,com.blankj.utilcode.util,CustomImageSpan,Unutilized Abstraction
AndroidUtilCode,com.blankj.utilcode.util,CustomDynamicDrawableSpan,Unutilized Abstraction
AndroidUtilCode,com.blankj.utilcode.util,ShaderSpan,Unutilized Abstraction
AndroidUtilCode,com.blankj.utilcode.util,ShadowSpan,Unutilized Abstraction
AndroidUtilCode,com.blankj.utilcode.util,SerializableSpannableStringBuilder,Unnecessary Abstraction
AndroidUtilCode,com.blankj.utilcode.util,SPStaticUtils,Insufficient Modularization
AndroidUtilCode,com.blankj.utilcode.util,SPUtils,Cyclic-Dependent Modularization
AndroidUtilCode,com.blankj.utilcode.util,SPUtils,Insufficient Modularization
AndroidUtilCode,com.blankj.utilcode.util,StringUtils,Cyclic-Dependent Modularization
AndroidUtilCode,com.blankj.utilcode.util,ThreadUtils,Cyclic-Dependent Modularization
AndroidUtilCode,com.blankj.utilcode.util,ThreadUtils,Insufficient Modularization
AndroidUtilCode,com.blankj.utilcode.util,ThreadPoolExecutor4Util,Cyclic-Dependent Modularization
AndroidUtilCode,com.blankj.utilcode.util,LinkedBlockingQueue4Util,Cyclic-Dependent Modularization
AndroidUtilCode,com.blankj.utilcode.util,UtilsThreadFactory,Unutilized Abstraction
AndroidUtilCode,com.blankj.utilcode.util,SimpleTask,Unutilized Abstraction
AndroidUtilCode,com.blankj.utilcode.util,Task,Cyclic-Dependent Modularization
AndroidUtilCode,com.blankj.utilcode.util,SyncValue,Unutilized Abstraction
AndroidUtilCode,com.blankj.utilcode.util,TimeUtils,Cyclic-Dependent Modularization
AndroidUtilCode,com.blankj.utilcode.util,TimeUtils,Insufficient Modularization
AndroidUtilCode,com.blankj.utilcode.util,ToastUtils,Cyclic-Dependent Modularization
AndroidUtilCode,com.blankj.utilcode.util,ToastUtils,Insufficient Modularization
AndroidUtilCode,com.blankj.utilcode.util,SystemToast,Unutilized Abstraction
AndroidUtilCode,com.blankj.utilcode.util,SystemToast,Broken Hierarchy
AndroidUtilCode,com.blankj.utilcode.util,SystemToast,Cyclic-Dependent Modularization
AndroidUtilCode,com.blankj.utilcode.util,SafeHandler,Unutilized Abstraction
AndroidUtilCode,com.blankj.utilcode.util,WindowManagerToast,Unutilized Abstraction
AndroidUtilCode,com.blankj.utilcode.util,WindowManagerToast,Cyclic-Dependent Modularization
AndroidUtilCode,com.blankj.utilcode.util,ActivityToast,Unutilized Abstraction
AndroidUtilCode,com.blankj.utilcode.util,AbsToast,Unutilized Abstraction
AndroidUtilCode,com.blankj.utilcode.util,UtilsMaxWidthRelativeLayout,Unutilized Abstraction
AndroidUtilCode,com.blankj.utilcode.util,TouchUtils,Deficient Encapsulation
AndroidUtilCode,com.blankj.utilcode.util,LazyHolder,Unnecessary Abstraction
AndroidUtilCode,com.blankj.utilcode.util,LazyHolder,Unutilized Abstraction
AndroidUtilCode,com.blankj.utilcode.util,UriUtils,Cyclic-Dependent Modularization
AndroidUtilCode,com.blankj.utilcode.util,Utils,Cyclic-Dependent Modularization
AndroidUtilCode,com.blankj.utilcode.util,Task,Unutilized Abstraction
AndroidUtilCode,com.blankj.utilcode.util,OnAppStatusChangedListener,Unutilized Abstraction
AndroidUtilCode,com.blankj.utilcode.util,ActivityLifecycleCallbacks,Unutilized Abstraction
AndroidUtilCode,com.blankj.utilcode.util,Supplier,Unutilized Abstraction
AndroidUtilCode,com.blankj.utilcode.util,Func1,Unutilized Abstraction
AndroidUtilCode,com.blankj.utilcode.util,UtilsActivityLifecycleImpl,Cyclic-Dependent Modularization
AndroidUtilCode,com.blankj.utilcode.util,UtilsActivityLifecycleImpl,Insufficient Modularization
AndroidUtilCode,com.blankj.utilcode.util,UtilsBridge,Cyclic-Dependent Modularization
AndroidUtilCode,com.blankj.utilcode.util,UtilsBridge,Insufficient Modularization
AndroidUtilCode,com.blankj.utilcode.util,UtilsBridge,Hub-like Modularization
AndroidUtilCode,com.blankj.utilcode.util,FileHead,Unutilized Abstraction
AndroidUtilCode,com.blankj.utilcode.util,UtilsFileProvider,Unutilized Abstraction
AndroidUtilCode,com.blankj.utilcode.util,UtilsTransActivity,Cyclic-Dependent Modularization
AndroidUtilCode,com.blankj.utilcode.util,TransActivityDelegate,Cyclic-Dependent Modularization
AndroidUtilCode,com.blankj.utilcode.util,UtilsTransActivity4MainProcess,Unutilized Abstraction
AndroidUtilCode,com.blankj.utilcode.util,ViewUtils,Cyclic-Dependent Modularization
AndroidUtilCode,com.blankj.utilcode.util,VolumeUtils,Unutilized Abstraction
AndroidUtilCode,com.blankj.utilcode.util,ApiUtilsTest,Unutilized Abstraction
AndroidUtilCode,com.blankj.utilcode.util,TestApi,Broken Hierarchy
AndroidUtilCode,com.blankj.utilcode.util,ArrayUtilsTest,Unutilized Abstraction
AndroidUtilCode,com.blankj.utilcode.util,ArrayUtilsTest,Insufficient Modularization
AndroidUtilCode,com.blankj.utilcode.util,BaseTest,Wide Hierarchy
AndroidUtilCode,com.blankj.utilcode.util,BusUtilsTest,Insufficient Modularization
AndroidUtilCode,com.blankj.utilcode.util,BusUtilsVsEventBusTest,Broken Hierarchy
AndroidUtilCode,com.blankj.utilcode.util,CacheDiskStaticUtilsTest,Unutilized Abstraction
AndroidUtilCode,com.blankj.utilcode.util,CacheDiskStaticUtilsTest,Deficient Encapsulation
AndroidUtilCode,com.blankj.utilcode.util,CacheDiskStaticUtilsTest,Broken Hierarchy
AndroidUtilCode,com.blankj.utilcode.util,CacheDiskStaticUtilsTest,Insufficient Modularization
AndroidUtilCode,com.blankj.utilcode.util,ParcelableTest,Deficient Encapsulation
AndroidUtilCode,com.blankj.utilcode.util,CacheDiskUtilsTest,Unutilized Abstraction
AndroidUtilCode,com.blankj.utilcode.util,CacheDiskUtilsTest,Deficient Encapsulation
AndroidUtilCode,com.blankj.utilcode.util,CacheDiskUtilsTest,Broken Hierarchy
AndroidUtilCode,com.blankj.utilcode.util,CacheDiskUtilsTest,Insufficient Modularization
AndroidUtilCode,com.blankj.utilcode.util,ParcelableTest,Unutilized Abstraction
AndroidUtilCode,com.blankj.utilcode.util,ParcelableTest,Deficient Encapsulation
AndroidUtilCode,com.blankj.utilcode.util,SerializableTest,Unutilized Abstraction
AndroidUtilCode,com.blankj.utilcode.util,CacheDoubleStaticUtilsTest,Unutilized Abstraction
AndroidUtilCode,com.blankj.utilcode.util,CacheDoubleStaticUtilsTest,Deficient Encapsulation
AndroidUtilCode,com.blankj.utilcode.util,CacheDoubleStaticUtilsTest,Broken Hierarchy
AndroidUtilCode,com.blankj.utilcode.util,CacheDoubleStaticUtilsTest,Insufficient Modularization
AndroidUtilCode,com.blankj.utilcode.util,ParcelableTest,Unutilized Abstraction
AndroidUtilCode,com.blankj.utilcode.util,ParcelableTest,Deficient Encapsulation
AndroidUtilCode,com.blankj.utilcode.util,SerializableTest,Unutilized Abstraction
AndroidUtilCode,com.blankj.utilcode.util,CacheDoubleUtilsTest,Unutilized Abstraction
AndroidUtilCode,com.blankj.utilcode.util,CacheDoubleUtilsTest,Deficient Encapsulation
AndroidUtilCode,com.blankj.utilcode.util,CacheDoubleUtilsTest,Broken Hierarchy
AndroidUtilCode,com.blankj.utilcode.util,CacheDoubleUtilsTest,Insufficient Modularization
AndroidUtilCode,com.blankj.utilcode.util,ParcelableTest,Unutilized Abstraction
AndroidUtilCode,com.blankj.utilcode.util,ParcelableTest,Deficient Encapsulation
AndroidUtilCode,com.blankj.utilcode.util,SerializableTest,Unutilized Abstraction
AndroidUtilCode,com.blankj.utilcode.util,CacheMemoryStaticUtilsTest,Unutilized Abstraction
AndroidUtilCode,com.blankj.utilcode.util,CacheMemoryStaticUtilsTest,Broken Hierarchy
AndroidUtilCode,com.blankj.utilcode.util,CacheMemoryUtilsTest,Unutilized Abstraction
AndroidUtilCode,com.blankj.utilcode.util,CacheMemoryUtilsTest,Broken Hierarchy
AndroidUtilCode,com.blankj.utilcode.util,CloneUtilsTest,Broken Hierarchy
AndroidUtilCode,com.blankj.utilcode.util,CloneUtilsTest,Cyclic-Dependent Modularization
AndroidUtilCode,com.blankj.utilcode.util,Result,Cyclic-Dependent Modularization
AndroidUtilCode,com.blankj.utilcode.util,Person,Cyclic-Dependent Modularization
AndroidUtilCode,com.blankj.utilcode.util,CollectionUtilsTest,Unutilized Abstraction
AndroidUtilCode,com.blankj.utilcode.util,CollectionUtilsTest,Insufficient Modularization
AndroidUtilCode,com.blankj.utilcode.util,ColorUtilsTest,Unutilized Abstraction
AndroidUtilCode,com.blankj.utilcode.util,ColorUtilsTest,Broken Hierarchy
AndroidUtilCode,com.blankj.utilcode.util,ConvertUtilsTest,Unutilized Abstraction
AndroidUtilCode,com.blankj.utilcode.util,ConvertUtilsTest,Broken Hierarchy
AndroidUtilCode,com.blankj.utilcode.util,EncodeUtilsTest,Unutilized Abstraction
AndroidUtilCode,com.blankj.utilcode.util,EncodeUtilsTest,Broken Hierarchy
AndroidUtilCode,com.blankj.utilcode.util,EncryptUtilsTest,Unutilized Abstraction
AndroidUtilCode,com.blankj.utilcode.util,EncryptUtilsTest,Broken Hierarchy
AndroidUtilCode,com.blankj.utilcode.util,EncryptUtilsTest,Insufficient Modularization
AndroidUtilCode,com.blankj.utilcode.util,FileIOUtilsTest,Unutilized Abstraction
AndroidUtilCode,com.blankj.utilcode.util,FileIOUtilsTest,Broken Hierarchy
AndroidUtilCode,com.blankj.utilcode.util,FileUtilsTest,Unutilized Abstraction
AndroidUtilCode,com.blankj.utilcode.util,FileUtilsTest,Broken Hierarchy
AndroidUtilCode,com.blankj.utilcode.util,FileUtilsTest,Insufficient Modularization
AndroidUtilCode,com.blankj.utilcode.util,GsonUtilsTest,Unutilized Abstraction
AndroidUtilCode,com.blankj.utilcode.util,GsonUtilsTest,Broken Hierarchy
AndroidUtilCode,com.blankj.utilcode.util,Result,Unutilized Abstraction
AndroidUtilCode,com.blankj.utilcode.util,Person,Unutilized Abstraction
AndroidUtilCode,com.blankj.utilcode.util,ImageUtilsTest,Unutilized Abstraction
AndroidUtilCode,com.blankj.utilcode.util,ImageUtilsTest,Broken Hierarchy
AndroidUtilCode,com.blankj.utilcode.util,LogUtilsTest,Multifaceted Abstraction
AndroidUtilCode,com.blankj.utilcode.util,LogUtilsTest,Broken Hierarchy
AndroidUtilCode,com.blankj.utilcode.util,Person,Unutilized Abstraction
AndroidUtilCode,com.blankj.utilcode.util,MapUtilsTest,Unutilized Abstraction
AndroidUtilCode,com.blankj.utilcode.util,NumberUtilsTest,Unutilized Abstraction
AndroidUtilCode,com.blankj.utilcode.util,ObjectUtilsTest,Unutilized Abstraction
AndroidUtilCode,com.blankj.utilcode.util,ObjectUtilsTest,Broken Hierarchy
AndroidUtilCode,com.blankj.utilcode.util,PathUtilsTest,Unutilized Abstraction
AndroidUtilCode,com.blankj.utilcode.util,PathUtilsTest,Broken Hierarchy
AndroidUtilCode,com.blankj.utilcode.util,RegexUtilsTest,Unutilized Abstraction
AndroidUtilCode,com.blankj.utilcode.util,RegexUtilsTest,Broken Hierarchy
AndroidUtilCode,com.blankj.utilcode.util,StringUtilsTest,Unutilized Abstraction
AndroidUtilCode,com.blankj.utilcode.util,StringUtilsTest,Broken Hierarchy
AndroidUtilCode,com.blankj.utilcode.util,TestConfig,Broken Modularization
AndroidUtilCode,com.blankj.utilcode.util,ThreadUtilsTest,Unutilized Abstraction
AndroidUtilCode,com.blankj.utilcode.util,ThreadUtilsTest,Broken Hierarchy
AndroidUtilCode,com.blankj.utilcode.util,ThreadUtilsTest,Insufficient Modularization
AndroidUtilCode,com.blankj.utilcode.util,TimeUtilsTest,Unutilized Abstraction
AndroidUtilCode,com.blankj.utilcode.util,TimeUtilsTest,Broken Hierarchy
AndroidUtilCode,com.blankj.utilcode.util,TimeUtilsTest,Insufficient Modularization
AndroidUtilCode,com.blankj.utilcode.util,UiMessageUtilsTest,Unutilized Abstraction
AndroidUtilCode,com.blankj.utilcode.util,UiMessageUtilsTest,Broken Hierarchy
AndroidUtilCode,com.blankj.utilcode.util,ZipUtilsTest,Unutilized Abstraction
AndroidUtilCode,com.blankj.utilcode.util,ZipUtilsTest,Broken Hierarchy
AndroidUtilCode,com.blankj.utilcode.util.reflect,PrivateConstructors,Deficient Encapsulation
AndroidUtilCode,com.blankj.utilcode.util.reflect,ReflectUtilsTest,Unutilized Abstraction
AndroidUtilCode,com.blankj.utilcode.util.reflect,ReflectUtilsTest,Deficient Encapsulation
AndroidUtilCode,com.blankj.utilcode.util.reflect,ReflectUtilsTest,Insufficient Modularization
AndroidUtilCode,com.blankj.utilcode.util.reflect,Foo,Unnecessary Abstraction
AndroidUtilCode,com.blankj.utilcode.util.reflect,Foo,Unutilized Abstraction
AndroidUtilCode,com.blankj.utilcode.util.reflect,MyMap,Unutilized Abstraction
AndroidUtilCode,com.blankj.utilcode.util.reflect,Test1,Deficient Encapsulation
AndroidUtilCode,com.blankj.utilcode.util.reflect,Test1,Broken Modularization
AndroidUtilCode,com.blankj.utilcode.util.reflect,Test2,Deficient Encapsulation
AndroidUtilCode,com.blankj.utilcode.util.reflect,Test3,Deficient Encapsulation
AndroidUtilCode,com.blankj.utilcode.util.reflect,Test6,Deficient Encapsulation
AndroidUtilCode,com.blankj.utilcode.util.reflect,Test7,Deficient Encapsulation
AndroidUtilCode,com.blankj.utilcode.util.reflect,Test8,Deficient Encapsulation
AndroidUtilCode,com.blankj.utilcode.util.reflect,Test8,Broken Modularization
AndroidUtilCode,com.blankj.utilcode.util.reflect,TestHierarchicalMethodsBase,Deficient Encapsulation
AndroidUtilCode,com.blankj.utilcode.util.reflect,TestHierarchicalMethodsSubclass,Deficient Encapsulation
AndroidUtilCode,com.blankj.utilcode.util.reflect,TestPrivateStaticFinal,Unnecessary Abstraction
AndroidUtilCode,com.blankj.utildebug.base.drawable,PolygonDrawable,Unutilized Abstraction
AndroidUtilCode,com.blankj.utildebug.base.rv,BaseItem,Unutilized Abstraction
AndroidUtilCode,com.blankj.utildebug.base.rv,BaseItemAdapter,Deficient Encapsulation
AndroidUtilCode,com.blankj.utildebug.base.rv,BaseItemAdapter,Insufficient Modularization
AndroidUtilCode,com.blankj.utildebug.base.rv,RecycleViewDivider,Deficient Encapsulation
AndroidUtilCode,com.blankj.utildebug.base.view,BaseContentFloatView,Cyclic-Dependent Modularization
AndroidUtilCode,com.blankj.utildebug.base.view,BaseContentFloatView,Insufficient Modularization
AndroidUtilCode,com.blankj.utildebug.base.view,BaseContentView,Cyclic-Dependent Modularization
AndroidUtilCode,com.blankj.utildebug.base.view,BaseFloatView,Cyclic-Dependent Modularization
AndroidUtilCode,com.blankj.utildebug.base.view,EmptyGoneTextView,Unutilized Abstraction
AndroidUtilCode,com.blankj.utildebug.base.view,FloatEditText,Unutilized Abstraction
AndroidUtilCode,com.blankj.utildebug.base.view,FloatToast,Deficient Encapsulation
AndroidUtilCode,com.blankj.utildebug.base.view,FloatViewManager,Cyclic-Dependent Modularization
AndroidUtilCode,com.blankj.utildebug.base.view,LazyHolder,Unnecessary Abstraction
AndroidUtilCode,com.blankj.utildebug.base.view,LazyHolder,Cyclic-Dependent Modularization
AndroidUtilCode,com.blankj.utildebug.base.view,SearchEditText,Unutilized Abstraction
AndroidUtilCode,com.blankj.utildebug.base.view.listener,OnBackListener,Unutilized Abstraction
AndroidUtilCode,com.blankj.utildebug.base.view.listener,OnRefreshListener,Cyclic-Dependent Modularization
AndroidUtilCode,com.blankj.utildebug.debug,IDebug,Unutilized Abstraction
AndroidUtilCode,com.blankj.utildebug.debug.tool,AbsToolDebug,Unutilized Abstraction
AndroidUtilCode,com.blankj.utildebug.debug.tool.appInfo,AppInfoDebug,Unutilized Abstraction
AndroidUtilCode,com.blankj.utildebug.debug.tool.appInfo,AppInfoFloatView,Unutilized Abstraction
AndroidUtilCode,com.blankj.utildebug.debug.tool.clearCache,ClearCacheDebug,Unutilized Abstraction
AndroidUtilCode,com.blankj.utildebug.debug.tool.clearStorage,ClearStorageDebug,Unutilized Abstraction
AndroidUtilCode,com.blankj.utildebug.debug.tool.deviceInfo,DeviceInfoDebug,Unutilized Abstraction
AndroidUtilCode,com.blankj.utildebug.debug.tool.deviceInfo,DeviceInfoFloatView,Unutilized Abstraction
AndroidUtilCode,com.blankj.utildebug.debug.tool.fileExplorer,FileContentView,Cyclic-Dependent Modularization
AndroidUtilCode,com.blankj.utildebug.debug.tool.fileExplorer,FileExplorerDebug,Unutilized Abstraction
AndroidUtilCode,com.blankj.utildebug.debug.tool.fileExplorer,FileExplorerFloatView,Cyclic-Dependent Modularization
AndroidUtilCode,com.blankj.utildebug.debug.tool.fileExplorer,FileItem,Cyclic-Dependent Modularization
AndroidUtilCode,com.blankj.utildebug.debug.tool.fileExplorer.image,ImageViewer,Cyclic-Dependent Modularization
AndroidUtilCode,com.blankj.utildebug.debug.tool.fileExplorer.sp,SpItem,Cyclic-Dependent Modularization
AndroidUtilCode,com.blankj.utildebug.debug.tool.fileExplorer.sp,SpModifyContentView,Cyclic-Dependent Modularization
AndroidUtilCode,com.blankj.utildebug.debug.tool.fileExplorer.sp,SpViewerContentView,Cyclic-Dependent Modularization
AndroidUtilCode,com.blankj.utildebug.debug.tool.fileExplorer.text,TextViewer,Unnecessary Abstraction
AndroidUtilCode,com.blankj.utildebug.debug.tool.fileExplorer.text,TextViewer,Unutilized Abstraction
AndroidUtilCode,com.blankj.utildebug.debug.tool.logcat,LogcatDebug,Unutilized Abstraction
AndroidUtilCode,com.blankj.utildebug.debug.tool.restartApp,RestartAppDebug,Unutilized Abstraction
AndroidUtilCode,com.blankj.utildebug,DebugUtils,Cyclic-Dependent Modularization
AndroidUtilCode,com.blankj.utildebug,ActivityLifecycleImpl,Cyclic-Dependent Modularization
AndroidUtilCode,com.blankj.utildebug,DebugUtils,Unutilized Abstraction
AndroidUtilCode,com.blankj.utildebug.helper,FileHelper,Deficient Encapsulation
AndroidUtilCode,com.blankj.utildebug.icon,DebugIcon,Cyclic-Dependent Modularization
AndroidUtilCode,com.blankj.utildebug.menu,DebugMenu,Cyclic-Dependent Modularization
AndroidUtilCode,com.blankj.utildebug.menu,ReminderView,Unutilized Abstraction
AndroidUtilCode,com.blankj.api,ApiClassVisitor,Unutilized Abstraction
AndroidUtilCode,com.blankj.api,ApiInfo,Deficient Encapsulation
AndroidUtilCode,com.blankj.api,ApiUtilsClassVisitor,Unutilized Abstraction
AndroidUtilCode,com.blankj.api,TestApi,Broken Hierarchy
AndroidUtilCode,com.blankj.api,ApiUtils,Cyclic-Dependent Modularization
AndroidUtilCode,com.blankj.api,LazyHolder,Unnecessary Abstraction
AndroidUtilCode,com.blankj.api,LazyHolder,Cyclic-Dependent Modularization
AndroidUtilCode,com.blankj.api,BaseApi,Unnecessary Abstraction
AndroidUtilCode,com.blankj.bus,BusClassVisitor,Unutilized Abstraction
AndroidUtilCode,com.blankj.bus,BusInfo,Deficient Encapsulation
AndroidUtilCode,com.blankj.bus,ParamsInfo,Unutilized Abstraction
AndroidUtilCode,com.blankj.bus,ParamsInfo,Deficient Encapsulation
AndroidUtilCode,com.blankj.bus,BusUtilsClassVisitor,Unutilized Abstraction
AndroidUtilCode,com.blankj.bus,BusUtils,Cyclic-Dependent Modularization
AndroidUtilCode,com.blankj.bus,BusInfo,Unutilized Abstraction
AndroidUtilCode,com.blankj.bus,LazyHolder,Unnecessary Abstraction
AndroidUtilCode,com.blankj.bus,LazyHolder,Cyclic-Dependent Modularization
